3.1692e-08,1.4771e-07,-6.5399e-06,-1.8284e-05,-0.0001086,-7.3519e-05,-0.00047386,-0.00082699,-0.0012094,-0.00084278,-0.0008966,-0.0030544,-0.001581,-0.0029753,-0.0022318,-0.0030685,-0.0041574,0.00091399,-0.0068226,-0.00083659,-0.0096135,0.019219,0.030141,0.97147,1.0364,-0.0024943,-0.21758,-1.1495,-0.32816,-0.058025,-0.49641,0.91899,0.39815,-0.58993,-0.32475,0.10358,-0.096487,-0.22076,0.024998,0.080112,0.16465,-0.17269,-0.17023,0.19534,-0.078044,-0.15919,-0.066079,-0.081454,-0.070837,-0.085425,-0.010444,0.051852,0.0030553,-0.03918,0.022235,-0.0042895,-0.11236,-0.058517,0.047652,0.0011449,-0.042809,-0.014172,0.032938,0.033078,-0.014528,-0.02834,0.014512,0.017108,-0.024602,-0.031084,0.0022806,-0.0010429,0.0033638,0.010165,-0.0051019,0.010313,0.013797,-0.0024854,-0.012657,-0.0095129,-0.0040982,0.0012427,0.0099772,0.0046037,0.0063887,0.023947,0.016948,0.010769,0.0027165,-0.0001578,0.0033628,-0.011281,-0.011557,-0.0018916,0.0062163,0.0059898,-0.0048276,-0.017018,-0.013021,0.010745,0.0098441,0.00077817,0.0024434,-0.00052707,0.0047234,-0.0017306,-0.0021067,0.013976,0.0085649,-0.0050579,-0.0076585,0.0006479,0.0015881,0.00077347,0.0068953,-8.6573e-05,-0.002728,-0.003102,0.0016501,0.0027455,-0.0013106,0.0031136,0.0033464,0.0017464,-0.0032791,0.0030108,0.0095171,0.0048536,0.0027837,0.00033788,0.0024671,0.0024322,0.0013825,0.0067438,0.0070324,0.004705,0.00091036,0.0025869,0.0022725,0.00028065,0.0033714,0.0018878,-6.0066e-05,-0.0016457,0.00083696,0.0029785,0.0018702,-0.00024162,0.0018034,0.00013236,-0.0018609,-0.00042501,0.001585,0.005737,0.0016193,0.0014942,0.0020619,-0.0011574,-0.00016374,0.00082928,0.0016123,0.00048271,0.00057528,0.001625,0.0013135,0.0016558,0.0023336,0.0029841,0.0019612,0.001171,0.0028215,0.0021331,0.0007905,0.0016131,0.0011445,4.2705e-05,-0.00052197,-0.0017322,-0.0036282,-0.0025277,0.0010318,0.0024549,0.0021923,0.0012384,0.00033724,-6.9482e-05,-0.00085618,-0.00057695,0.00046326,0.0002292,-0.0003754,-0.00013344,6.4911e-05,-0.00019568,-0.00016857,-3.9174e-05,-4.553e-05,-2.8098e-05,-2.4481e-05,-1.5777e-05
9.3147e-08,-5.7072e-07,2.9933e-06,-1.3761e-05,1.838e-05,-7.3023e-05,-5.0498e-05,5.7433e-05,-0.0012087,-0.00030897,-0.00094865,-0.0022369,-0.00029621,-0.0023334,-0.0011239,-0.0021424,-0.0014185,-0.0029349,-0.0018723,-0.00075153,-0.0058063,-0.0020307,0.0040624,-0.0073649,0.30831,1.1371,0.40987,0.20768,0.15247,-1.5251,-0.40366,-0.35305,-0.075871,0.76884,-0.010993,-0.13142,-0.12336,-0.082213,-0.14335,-0.0083808,-0.10411,-0.10204,0.21143,-0.11758,-0.023716,0.16765,-0.10809,0.058014,-0.22269,-0.20419,-0.053682,-0.062966,-0.028855,-0.014551,0.01387,0.054327,0.096907,-0.068372,-0.13626,0.020701,-0.0078963,-0.022517,-0.032671,-0.034883,0.05934,0.024881,-0.0079948,-0.022879,0.0071923,0.0053884,-0.0097212,-0.014952,-0.022655,0.020631,0.033258,-0.0025029,-0.016124,-0.0070359,0.026507,0.015756,-0.025455,-0.012511,0.015376,0.025654,-0.0069545,-0.013065,0.0052802,0.018043,0.0029633,-0.010206,-0.0096855,0.011611,0.01945,0.0088556,-0.0061931,0.0039638,0.018576,0.014353,-0.0038253,-0.0058996,0.008606,0.01089,0.0017345,0.0019151,-0.00088013,0.0009754,0.0011477,-0.010885,-0.013263,-0.0005216,0.013338,0.011578,0.0010559,0.0070571,0.016281,0.0089728,-0.012479,-0.018326,-0.0077925,-0.0086202,-0.010158,-0.010425,-0.0023328,-0.0030409,-0.0032565,0.0041091,0.0041013,0.0043803,0.0020621,0.0037596,0.0048916,0.0015458,0.0067003,0.011045,0.0047218,-0.0021028,-0.0028377,0.0049365,0.0030785,-5.9297e-05,-0.0021681,0.0052806,0.0031818,-0.0012016,0.0015162,0.0007597,0.0014527,0.00049413,0.001247,0.0017726,0.0030406,0.0028186,0.003632,0.00068294,-0.0016629,0.0034661,0.00093589,-0.00062776,-0.0010598,-0.00018511,0.0032343,0.00061228,-0.00087245,0.0010951,0.0013593,0.0014685,0.0019797,0.0027084,0.0015333,0.0026372,0.0029093,0.0017291,0.0019028,0.00098576,0.0018364,0.00072655,-0.00076056,-0.00041418,-0.00082247,-0.0023689,-0.0033156,-0.0014624,1.6494e-05,0.0011845,0.0028292,0.0017912,3.8522e-05,-0.00029544,-0.00058733,-0.00044779,-6.6026e-05,-0.00011722,-0.00029054,-0.00013261,-8.7271e-05,-0.00019141,-8.1926e-05,-6.95e-05,-7.0644e-05,-3.0096e-05
0,2.9887e-08,-1.224e-07,6.2565e-07,-2.1863e-06,-5.7132e-06,-7.1014e-06,-8.8927e-05,-6.7343e-05,-0.00064532,-0.00050985,-0.0012698,-0.002922,-0.00098918,-0.002479,-0.0023331,-0.0031704,-0.0015725,-0.0027614,-0.0019796,-0.0016621,-0.0062929,-0.0019852,0.00072372,-0.00069183,0.2731,1.0887,0.32996,0.15732,0.64749,-1.3646,-0.94312,-0.25733,-0.16943,0.55381,0.056562,0.072518,0.01589,-0.16554,-0.21802,0.13288,-0.062763,-0.28972,0.19125,-0.026826,-0.12616,0.18895,-0.033151,0.062151,-0.14379,-0.27464,-0.052085,0.011484,-0.081569,-0.047577,0.016826,-0.052137,0.13188,0.048106,-0.20096,-0.0012908,0.031071,-0.033569,-0.028639,-0.056074,0.054358,0.050551,-0.026176,-0.040978,0.019687,0.019044,-0.022689,0.018898,-0.017,-0.019645,0.042242,0.0079056,-0.015066,-0.015441,0.013152,0.02541,-0.024526,-0.018999,0.011169,0.028155,-0.0027793,-0.021884,0.0078091,0.014705,-0.0031309,-0.0074789,-0.0091751,-0.00046633,0.0091982,0.012176,-0.0018721,-0.0028615,0.013389,0.017795,0.011135,-0.0081135,0.00043801,0.022927,0.0027661,-0.012193,0.002943,0.01238,0.0039964,-0.010841,-0.0064921,-0.0053725,-0.0050607,0.0019562,0.0025588,0.00089209,-0.0046648,0.006521,0.0096565,-0.0084231,-0.0034175,0.005911,0.0064107,-0.0059505,-0.0069173,0.0043707,0.0024399,-0.0029798,-0.0040689,0.0047776,0.0061223,0.0026595,0.0086804,0.010558,0.013463,0.0089698,-0.0022288,-0.00536,-0.010332,-0.0059753,-0.0020601,-0.0048965,-0.0051323,8.8641e-05,0.0029159,0.002076,0.0021201,0.00088593,0.0030445,-0.00029108,-0.0022305,0.0035636,0.0078397,0.0037782,0.0043792,0.0032131,-0.0012448,-0.00082447,-0.0011448,0.0017228,0.0019495,-0.00080267,0.0012894,0.0022803,-0.00036993,0.00025974,0.0029206,0.0022751,0.001491,0.0027038,0.0019587,0.001914,0.0030264,0.0021843,0.002259,0.0015662,0.0013715,0.0017452,0.00013116,-0.00068067,-0.0008226,-0.0017939,-0.0028437,-0.0015588,-0.00027757,0.00051934,0.003129,0.0029598,0.00028503,-0.00048321,-0.0003242,-0.00055249,-0.00046355,-0.00017469,-0.00022188,-0.00018228,-0.00013248,-0.00017338,-5.4925e-05,-4.611e-05,-7.7956e-05
0,0,4.4633e-27,4.3393e-08,-1.71e-07,9.9997e-07,-4.9449e-06,5.1206e-06,-6.8906e-05,5.1642e-05,-0.00044722,-0.0011512,0.00031106,-0.0023645,-0.0014215,-0.0001835,-0.0022626,-0.0018057,-0.0026502,-0.00055945,-0.003794,0.00039204,-0.0055137,-0.0029963,0.00060274,0.0043226,0.036396,0.76299,1.0009,-0.21588,0.6926,0.2406,-1.8064,-0.6894,-0.28177,0.11308,0.39962,0.070435,-0.0015548,0.18953,-0.19447,-0.36295,0.63614,-0.3288,-0.44183,0.3347,-0.24645,-0.21666,0.2354,0.24695,0.058641,-0.12478,-0.24415,-0.17296,0.25757,-0.34391,-0.212,0.28671,-0.17591,-0.081784,0.25762,-0.096742,-0.14463,0.1792,-0.065624,-0.088364,0.025839,-0.092342,0.059125,0.11794,-0.19873,0.021961,0.17958,-0.093553,-0.092017,0.10749,-0.038181,0.017349,0.032052,-0.074239,0.011001,0.028371,-0.044971,0.004852,0.030127,-0.060302,0.022879,0.053752,-0.0567,-0.018754,0.050915,-0.0047176,-0.0079183,-0.030982,0.0025704,0.02165,0.00070143,-0.023445,0.030746,0.018571,-0.018606,0.010595,-0.00048398,-0.0057911,0.021915,0.010699,-0.011276,-0.010504,-0.0025631,0.0074462,-0.0019719,-0.013711,-0.020751,0.0073362,-0.007411,-0.014013,-0.00053424,0.0083259,0.0035863,0.0021154,0.0037869,0.0062621,0.0095666,0.010715,0.0048818,0.0032264,0.0012859,0.0085182,0.0049526,-0.0036797,0.0060282,0.0069151,0.0039335,-0.002782,0.00018149,0.0026513,0.0051855,0.0026985,0.0017389,0.0066569,0.011171,0.0084137,0.0049678,0.0023032,0.0055064,-0.0015237,0.00093733,0.0040695,-0.0019051,0.0009701,0.0013041,0.0027512,0.0066895,0.017263,0.014373,0.0024689,-0.0080267,-0.0030354,0.00053473,-0.0046694,-0.00072132,0.0031947,0.00045603,0.00094796,-0.0011458,0.0029418,0.0037811,0.00023037,-0.00037772,0.0023402,0.00095105,0.00056898,0.0044802,0.0035812,0.0026604,0.002437,0.0030129,0.003801,0.0025017,0.0014425,0.00094368,-0.0003217,-0.0027353,-0.0019592,0.00081765,0.0002053,0.0017594,0.0047294,0.0028022,-6.4872e-05,-6.5655e-05,3.3051e-05,-0.00045264,-0.0002678,-0.00017125,-0.00015275,4.4508e-06,-0.00019129,-5.7894e-05,0.00014678
0,0,0,9.3118e-25,1.4357e-07,-8.2327e-07,4.039e-06,-1.7537e-05,1.1823e-05,-5.4551e-05,-0.00028153,0.0001477,-0.0010194,-0.0011528,-9.0398e-05,-0.0030846,-0.0010112,-0.0013321,-0.0016681,-0.0024734,-0.0015448,-0.0016549,-0.0032347,-0.0007751,-0.0057102,-0.0046503,0.0089961,-0.012527,0.24037,1.0962,0.42457,-0.17784,0.98952,-0.64826,-1.5678,-0.48967,-0.17703,0.31813,0.24239,0.038235,0.059736,0.30871,-0.56264,0.077237,0.52242,-0.72433,-0.078152,0.16941,-0.25816,-0.039505,0.19512,0.31842,0.023582,-0.17647,-0.3487,0.020735,0.14569,-0.46235,-0.012016,0.16381,-0.13335,-0.061789,0.2284,-0.068977,-0.11232,0.14705,-0.082317,-0.078662,0.00059561,-0.080503,0.11847,0.048836,-0.15293,0.053402,0.13355,-0.091707,-0.077539,0.10786,-0.033954,0.021133,-0.0049532,-0.061997,0.016253,0.020274,-0.048016,0.014932,0.013208,-0.042882,0.025899,0.041838,-0.055618,0.0019384,0.050122,-0.0085177,-0.029166,-0.035093,0.014857,0.019089,-0.00027463,-0.019277,0.021965,0.0013203,-0.010987,0.014359,0.01066,-0.005325,0.017082,0.0099799,-0.013146,-0.012948,0.010893,0.0029397,-0.0084143,-0.015851,-0.012684,0.0049703,-0.012862,-0.013423,0.0011275,0.013615,-0.00024369,0.0051421,0.012369,0.006904,0.006843,0.0072605,0.0019162,-1.9409e-05,-0.0017341,0.0086912,0.0032231,-0.00051295,-0.00029857,0.0049568,0.0048169,-0.0036537,0.0011817,0.0041012,0.007332,0.002884,0.00421,0.010279,0.0096587,0.0046111,0.0019347,0.0034506,0.0022995,-0.0036483,0.0018608,-7.3722e-05,-0.0025169,-0.00075014,0.0045531,0.0048618,0.0035108,0.0066756,0.0076554,0.0082937,-6.1808e-05,0.0027711,0.0034452,0.0022114,0.006596,0.0084712,0.010652,0.0027572,-0.0047643,-0.0045643,-0.00086648,-0.002414,-0.003599,0.0013773,-0.00066552,-0.0010055,0.00055468,0.0019386,0.0038083,0.0017315,0.0011236,0.003262,0.0022859,0.00094603,0.00024709,-0.00088592,-0.0021527,-0.00053704,0.00094458,0.00041969,0.0027151,0.0039758,0.0014843,-0.000235,-5.7708e-05,-0.00010336,-0.00031645,-0.00012939,-0.00015182,1.7385e-05,5.4446e-05,-0.00011359
0,0,0,0,1.0826e-09,9.111e-08,-3.0611e-07,1.6031e-06,-1.0297e-05,8.1636e-07,-0.00012538,6.0774e-05,-0.00075018,-0.00048768,-0.00030185,-0.0019249,-0.00094683,-0.0010493,-0.0013626,-0.0029907,-0.00064434,-0.0024525,-0.002588,-0.0027309,-0.0030489,-0.0060527,0.0083279,-0.0080408,0.25507,0.99034,0.34673,-0.11347,0.7862,-0.38403,-1.3939,-0.73309,-0.013146,0.25641,0.14338,0.1432,0.20147,0.14813,-0.491,0.085577,0.25053,-0.56179,-0.13285,0.14974,-0.021455,-0.13683,0.0082292,0.4225,0.21206,-0.28671,-0.25949,0.036012,-0.047503,-0.25821,-0.11685,0.0087759,0.091523,-0.085301,-0.034072,0.1968,-0.080845,-0.1055,0.080572,-0.084177,-0.080091,0.020729,0.041001,0.034738,-0.043829,-0.0014632,0.064047,0.048351,-0.078092,-0.02315,0.073317,-0.011316,-0.030667,-0.016304,-0.0015752,0.016868,-0.020682,-0.012848,0.0025827,0.0064967,0.0064481,0.0011986,0.0036749,-0.0064883,0.016264,0.009508,-0.020619,-0.022931,0.001399,0.018706,-0.0021833,-0.016146,0.0024104,0.0037804,0.0062754,0.0044472,-0.001905,0.0071113,0.0096376,0.0031097,0.0011814,-0.00087317,0.0041379,0.0072544,0.00089589,-0.0045113,-0.0031558,0.0011633,-0.0057032,-0.0075985,-0.0055784,0.0026474,0.0053276,0.0023994,0.004466,0.0044642,0.005422,0.0012572,-0.0030478,-0.0040385,-0.0044008,0.001666,0.0021308,-0.0023552,-0.0017981,0.004776,0.0069381,0.0011357,0.0028893,0.0067268,0.0059702,0.0042546,0.0017279,0.003323,0.0046941,0.0019604,0.0011077,0.0013331,0.0036963,0.0023763,0.0023839,0.0027874,0.00054491,0.0004954,0.00095263,0.003251,-0.0010121,-0.0033268,0.0029104,0.0029937,0.0019966,0.004455,0.0052132,0.002843,-0.0007643,-0.00022168,-0.00080323,0.00044708,0.0016917,0.0013272,0.0012661,0.00096411,0.0039421,0.0056419,0.0064615,0.006753,0.0043604,0.00087618,-0.0010549,-6.087e-05,-0.00028439,-0.0007959,-0.00017591,-6.0276e-05,-0.00063625,-0.0018181,-0.002141,-0.00045221,0.00052917,0.00046707,0.0020461,0.0032999,0.0025282,0.00071778,7.3307e-05,0.00030041,-3.7002e-05,-0.00014565,-7.2717e-05,4.0106e-05,-4.6773e-06,-1.8792e-05
0,0,0,0,0,9.5799e-09,7.0677e-08,-1.7702e-07,1.3721e-06,-1.6627e-05,-4.9336e-06,-0.0001143,-0.00023457,-0.00021382,-0.0013381,-0.00073241,-0.0013173,-0.002301,-0.0014595,-0.0012392,-0.002082,-0.0031338,-0.00049408,-0.0032737,-0.0010927,-0.0055047,-0.002634,-0.0033122,0.0080171,0.01982,0.5921,0.93688,-0.17047,0.25863,0.63917,-0.911,-1.319,-0.42342,0.29446,0.083642,0.18338,0.16286,0.22693,-0.067785,-0.46538,0.3208,-0.085605,-0.5315,0.067106,0.16788,-0.065362,-0.16474,0.17225,0.39624,0.077418,-0.35651,-0.1959,0.13249,-0.18768,-0.23794,-0.026936,-0.012162,0.081702,-0.061414,-0.10384,0.23167,-0.0024907,-0.18016,0.037338,-0.03202,-0.054285,0.027494,0.040608,-0.012344,-0.0052801,0.028816,0.02542,0.031575,-0.063042,-0.017291,0.087236,-0.029348,-0.055706,-0.0027309,0.025712,-0.0019886,-0.029057,-0.0062806,0.015789,0.018119,-0.006131,-0.0053691,0.01446,0.0053462,0.0021804,-0.003186,-0.02765,-0.010724,0.012279,0.0047845,-0.017056,-0.0041428,0.012088,0.012408,0.0039576,-0.0026764,0.0039405,0.01414,0.0038185,0.0054266,-0.0012236,-0.00096277,0.014254,0.0059234,-0.0035063,-0.0043473,0.0029589,-0.0024465,-0.00993,-0.0050578,0.0032621,0.0066326,0.004057,0.0046809,0.0059639,0.0015569,0.0018092,-0.0014744,-0.0059186,-0.0078238,0.0020432,0.0032537,-0.0012277,-0.00089253,0.0051912,0.0097425,0.0048838,0.0025115,0.0034135,0.0086197,0.0050017,0.0035787,0.0047248,0.0052119,0.002731,0.0027433,0.0022324,1.3023e-05,0.003681,0.0043717,0.0024851,0.00096055,0.00090222,0.00029827,0.00079184,0.0009593,-0.0023211,0.00051589,0.0036614,0.002931,0.0031157,0.0038017,0.005524,0.0010654,-0.0012413,-0.00038299,-0.00063538,0.00059293,0.0014904,0.0022066,0.0022671,0.0035501,0.0037116,0.0034386,0.0030995,0.0028654,0.0027195,0.0016098,0.0008383,0.00045868,0.0013227,0.0016812,0.0017536,0.0016824,0.00023565,-0.0016828,-0.002199,-0.00012935,0.0004696,0.0004056,0.0019818,0.0029269,0.0017036,4.9715e-05,0.00014405,0.00017962,-0.00013826,-0.00017504,-7.0205e-05,4.8362e-05
0,0,0,0,0,0,7.1659e-09,1.0688e-07,-4.3457e-07,2.1196e-06,-1.717e-05,-5.9357e-06,-8.178e-05,-0.00019574,-0.0003718,-0.00082535,-0.00047924,-0.0015578,-0.00098159,-0.00076402,-0.00086058,-0.0015506,-0.0026235,-0.00090313,-0.0030707,-0.0013802,-0.0037563,-0.0033091,-0.0035955,0.0091791,0.017443,0.56842,0.89646,-0.19147,0.17303,0.70184,-0.75309,-1.3483,-0.44022,0.37934,-0.024541,0.14575,0.2195,0.16945,0.02147,-0.52685,0.25157,0.057831,-0.55574,0.021764,0.25164,-0.065123,-0.19646,0.15808,0.32445,0.075679,-0.24405,-0.22447,0.11784,-0.13473,-0.29009,0.011539,-0.0010289,-0.0086084,0.018153,-0.11099,0.10988,0.13088,-0.16472,-0.07392,0.044932,-0.025433,-0.027495,0.047229,-0.016688,0.010721,0.048484,-0.011522,0.0124,-0.0099942,-0.035101,0.04108,0.0042021,-0.059706,-0.014222,0.032942,-0.0044448,-0.029838,-0.0069367,0.013555,0.021317,-0.009883,-0.01189,0.013891,0.014952,-0.0068068,-0.0044628,-0.014266,-0.0059153,0.0059731,-0.0052728,-0.015072,-0.0045054,0.016178,0.016741,-0.0024366,-0.003753,0.0071053,0.0096729,0.0039764,-0.0003116,0.00057913,0.0029154,0.0075473,0.0022758,-0.00069069,-0.006396,-0.00020814,-0.0039623,-0.012295,-0.0046767,0.0054823,0.0087803,0.0035012,0.002283,0.0066413,0.0034052,-0.0010712,-0.0030827,-0.00313,-0.0041069,0.001182,0.0034752,-0.003243,-0.0017184,0.0061781,0.0081623,0.0026968,-0.00062632,0.0030525,0.0095565,0.0038156,0.001835,0.0048612,0.0052734,0.0026283,0.0027563,0.0019295,8.6037e-05,0.002366,0.00096613,-0.00027897,-0.0010405,7.6083e-05,0.00031931,-0.00118,-0.0019544,-0.0016012,0.00041676,0.0013683,0.00096451,0.0012756,0.0023537,0.002317,0.00076885,8.4295e-05,-0.00028021,0.00082937,0.0015312,0.00094878,0.001411,0.0025572,0.0034895,0.0030604,0.0024536,0.0025369,0.0025027,0.0022432,0.0018094,0.0010889,0.0007963,0.0009815,0.00047432,8.0825e-05,-8.4689e-05,-0.00051583,-0.0015609,-0.0014382,0.00048479,0.00054082,0.00051776,0.0021979,0.0031678,0.0018786,0.00011353,0.0001444,9.8232e-05,-0.00024549,-0.00019933,-9.8458e-05
0,0,0,0,0,0,0,1.8993e-08,1.6922e-08,-8.2069e-08,7.4952e-07,-1.8159e-05,-3.5687e-06,-7.4417e-05,-0.00010029,0.00016187,-0.001056,-0.00043303,-0.001801,-0.0017894,-0.0015103,-0.00154,-0.0011642,-0.0028532,-0.00057149,-0.0032062,-0.00072797,-0.0039679,-0.0037331,-0.001631,0.0070879,0.017569,0.51413,0.87032,-0.18838,0.095097,0.75152,-0.6105,-1.2865,-0.50134,0.44762,-0.16686,0.12195,0.29603,0.07158,0.077419,-0.488,0.1875,0.14429,-0.54978,-0.0093621,0.28115,-0.068358,-0.20892,0.13433,0.28736,0.014017,-0.14132,-0.18689,0.067459,-0.094158,-0.25404,-0.026486,0.016067,-0.030935,-0.027044,-0.024574,0.061682,0.027619,-0.035541,-0.052226,-0.019569,-0.0051745,-0.03437,0.053675,-0.0094224,-0.0046156,0.037942,0.0068528,0.0036775,-0.019458,-0.018981,0.018946,-0.0038364,-0.029777,-0.028049,0.022872,0.00027551,-0.02042,-0.0044268,0.001195,0.014116,-0.0029172,-0.0057935,0.00073479,0.0069931,0.00081576,-0.0030854,-0.010534,-0.0042415,-0.0040598,-0.0012648,-0.0086221,-0.006398,0.0086413,0.01399,0.001373,-0.0042921,-0.0032426,0.0069262,0.0077902,0.0014845,-0.0029317,0.0034681,0.0060774,0.003956,0.002137,-0.0065208,-0.0013741,-0.0047982,-0.0082156,-0.0047159,0.0016754,0.0039265,0.0045635,0.0043209,0.0011303,-0.0022082,0.00024799,-0.00041141,-0.0027165,-0.0068971,0.00069694,0.0040847,-0.001628,0.00042315,0.0075607,0.0085099,0.0024538,0.00024745,0.0042979,0.0068032,0.0027886,0.0029772,0.0024385,0.0027623,0.0027233,0.0043621,-0.00010649,-0.00042717,-6.8679e-05,-0.00047095,-0.00091452,-0.00098309,0.00017149,-0.0011847,-0.0013485,-0.00077545,-0.0016752,-0.0014156,0.00061212,0.0013728,-4.4681e-05,1.9134e-05,0.0025819,0.0012801,4.4527e-05,-0.00041623,0.0010955,0.00073635,0.00012977,0.0015243,0.001641,0.0021761,0.0022791,0.0027653,0.0028516,0.0023857,0.0021602,0.0018429,0.0010327,0.00049539,0.00073847,0.00018398,-0.0002034,-0.00037712,-0.00058386,-0.0013447,-0.0012944,0.00089583,0.00082513,0.00026961,0.0016516,0.002737,0.0015554,-2.5736e-05,0.00024344,0.00027274,-0.00016519,-0.00014625
0,0,0,0,0,0,0,0,2.8853e-08,-2.5987e-07,1.8396e-06,-7.2763e-06,1.0135e-05,-2.8353e-05,-0.00017449,0.00020702,-0.00086832,-0.0012279,-0.00029326,-0.0022522,-0.0021819,-0.0012319,-0.0011303,-0.002902,-0.0010439,-0.0022798,-0.0011629,-0.0040613,-0.0033579,-0.0043994,0.0090277,-0.0086939,0.33859,0.8303,0.0013981,-0.13079,0.76077,-0.25318,-1.0836,-0.7693,0.38736,-0.046474,-0.10449,0.37897,0.072948,0.10496,-0.3511,0.0016343,0.24377,-0.49627,-0.14214,0.31182,-0.028351,-0.16062,-0.045262,0.2986,0.095318,-0.18962,-0.088598,0.07968,-0.051231,-0.22449,-0.077832,-0.019683,-0.023322,-0.037957,-0.028761,0.079319,-0.022506,-0.062303,0.06326,-0.071621,-0.030057,0.0014639,0.03939,0.0034139,-0.036674,0.0039305,0.050002,0.01717,-0.029604,-0.020058,0.022351,-0.0035066,-0.028131,-0.015248,0.0033463,0.021945,-0.0062631,-0.01221,-0.014256,0.01264,0.0015543,-0.0023453,-0.0079568,0.0039855,0.00031557,-0.0006095,0.00015347,-0.0014327,-0.0019014,0.0079494,-0.0014499,-0.017306,-0.0014911,0.011781,0.00356,-0.0049656,-0.0024872,0.0081744,0.018065,0.0029287,0.0044876,0.0041612,0.0085151,0.010572,-5.2372e-05,-0.0098964,-0.0010196,-0.0010427,-0.007213,-0.0081163,-0.0059822,0.0025207,0.0039754,0.00048779,-0.0049785,-0.00032792,0.00017631,-0.00028789,-0.0029035,-0.001583,0.0026732,0.001562,0.0026217,0.0018364,0.0024775,0.0078753,0.0053031,0.00069919,0.0036848,0.0083543,0.005008,0.00016777,-0.00072491,-0.0030969,-0.0029397,-0.0014963,-0.0017576,-0.0044536,-0.001447,0.0035204,0.0015599,-0.00091587,0.0036372,0.0029035,-0.0005144,0.00087738,-0.00020677,-0.0046944,-0.0051288,0.0015445,0.001905,-0.0027299,-0.0089653,-0.0055713,-0.00032596,-0.0033817,0.00067322,0.0035344,0.0022231,0.0011982,-0.0013106,0.0038289,0.0055845,0.00024308,0.002006,0.0042621,0.0024546,0.00071232,9.138e-05,0.00027662,-0.00026315,-0.00094196,-0.00030829,-0.00037065,-0.0013202,-0.0012908,-0.0015804,0.00016012,0.0008109,8.121e-05,0.0012336,0.0025305,0.0017091,6.7262e-05,0.00012113,0.00029229,-0.0001155,-0.00019022
0,0,0,0,0,0,0,0,0,1.9128e-08,-4.4346e-08,4.0529e-07,-1.0436e-06,-1.0779e-05,-5.3328e-06,-0.00013305,-5.4003e-05,-0.00019339,-0.0010775,-0.00053279,-0.0012121,-0.0021478,-0.0024997,-0.0013779,-0.0019497,-0.0034832,-0.0011464,-0.002796,-0.0017975,-0.003651,-0.0046922,0.00087413,0.0018999,0.044577,0.56328,0.63292,-0.29935,0.28749,0.57134,-0.62754,-1.0271,-0.29566,0.35925,-0.32992,0.22251,0.16613,0.034858,0.10144,-0.35637,0.16605,0.10753,-0.46646,0.037934,0.22174,-0.14283,-0.14769,0.15873,0.16376,-0.011842,-0.11717,-0.16713,0.14567,-0.074609,-0.23829,0.00047169,0.0079578,-0.071726,-0.018794,-0.01099,0.032278,-0.01699,-0.038657,0.010845,-0.011155,-0.056535,0.0036573,0.064049,-0.032292,-0.023194,0.021496,0.024953,-0.0026081,-0.044276,-0.016583,0.03138,-0.018338,-0.033494,-0.011876,0.0097423,0.0020866,-0.006819,-0.0069999,-0.0065896,0.01447,-0.002051,-0.0035279,-0.0083842,-0.0020967,0.0045537,-0.0006052,-0.0097879,-0.0069403,0.00043297,0.0039679,-0.016511,-0.0076272,0.0084394,0.009029,0.0019973,-0.005151,-0.0041492,0.007735,0.005421,-0.0059392,0.0020739,0.0031894,0.0057892,0.006689,-0.0028738,-0.0084169,1.7241e-05,-0.0038955,-0.0068985,-0.0033977,-0.0013213,0.0091303,0.0081509,-0.0016777,-0.0040573,0.0025227,-0.00095414,-0.0061812,-0.0027555,-0.0026576,0.0022261,0.0016144,0.00056632,0.0038914,0.0035979,0.0044877,-0.00044735,0.00025066,0.001925,0.0037132,0.0040956,0.0020852,0.0015985,0.0018114,0.0026858,0.00066472,-0.0029018,-0.0037778,0.00036147,0.0013567,-0.0012222,0.00012703,0.0022944,0.0062054,0.0052494,-0.00085221,-0.001369,0.0001701,0.0020906,0.0016268,-0.0014382,-0.0067105,-0.0050975,-0.0027344,0.0004973,0.0056511,0.001411,0.0037893,0.0026428,-0.0019643,0.0022786,0.0030283,0.0005686,0.0010584,0.0024199,0.0019458,0.0023061,0.00097026,0.00043015,0.0010044,0.00041915,0.00026194,0.0002408,0.00043822,-0.00092416,-0.0015539,0.00020327,0.0011907,0.00010376,0.00063879,0.0028126,0.0015167,-5.0602e-05,0.00023945,-4.3626e-05,-3.1018e-05
0,0,0,0,0,0,0,0,0,0,3.6079e-08,-9.3356e-08,5.1094e-07,-6.5769e-07,-1.7627e-05,-5.5811e-06,-0.00017329,-0.00028611,-0.00022058,-0.0012406,-0.00092925,-0.001244,-0.0025432,-0.0021519,-0.0013832,-0.0028435,-0.0031008,-0.0011119,-0.0030864,-0.0024854,-0.0039379,-0.004291,0.00014888,0.0023589,0.028178,0.49751,0.61425,-0.24438,0.19931,0.59477,-0.50388,-0.9223,-0.40001,0.37594,-0.34059,0.12737,0.21736,0.013236,0.13459,-0.29282,0.097556,0.11606,-0.39337,-0.020451,0.18937,-0.1017,-0.13378,0.11693,0.15114,-0.024686,-0.09331,-0.16078,0.10912,-0.028786,-0.20887,-0.02215,0.0067201,-0.060996,-0.0063378,-0.0030868,-0.0049815,-0.020443,-0.024307,-0.0043207,-0.0068011,-0.01473,-0.025093,0.063598,-0.028027,-0.045651,0.015813,0.024282,-0.018828,-0.033532,-0.014662,0.016445,-0.0063365,-0.017318,-0.014011,0.014942,0.0013141,-0.018232,0.0023321,-0.011315,0.011117,-0.00071512,-0.0022459,-0.0088633,-0.0032088,-0.0016006,0.0035622,-0.0094666,-0.01046,-0.00024003,0.0044048,-0.012132,0.0017017,0.0076972,0.0067628,0.0032367,-0.0076763,-0.0011046,0.006581,-0.0032388,-0.0066313,0.0025477,-0.0021336,0.0060306,0.0048919,-0.0017946,-0.0050747,-0.0012633,-0.0028474,-0.0022743,-0.0015776,-0.00063189,0.0072299,0.0047967,-0.00193,-0.0043297,0.00175,0.0024604,-0.0033896,-0.0024007,0.0005361,8.5827e-05,-0.00055785,-0.00085747,0.0028511,0.00063105,0.0017932,0.0018827,0.0037845,0.0025373,0.0030784,0.0031538,0.00025642,0.00052828,-0.0019271,-3.2798e-05,0.00067635,-0.0024296,-0.0012499,0.002058,0.0024962,0.0016666,0.0038312,0.0049749,0.0033067,-3.12e-05,6.7996e-05,0.0042572,0.0038752,-0.0056118,-0.0089908,-0.00022954,-0.0036189,0.00061106,0.0047304,-0.00039968,0.0033876,-0.0017152,0.00055347,0.005378,0.00051006,-0.00096236,0.002817,0.0025624,0.00023066,0.0017279,0.0010452,0.00082987,0.0011151,0.00050307,0.00077386,0.0011122,0.0011328,0.00061004,0.00072493,-0.00061519,-0.0008954,0.00059934,0.00090062,-0.00018152,0.00030157,0.0023459,0.00148,0.00011204,0.00024943,4.9209e-05
0,0,0,0,0,0,0,0,0,0,2.7763e-24,1.0531e-07,-3.6953e-07,2.0567e-06,-1.2896e-05,9.511e-06,-0.00012491,-9.3529e-05,-0.0003093,-0.00058596,-0.00098258,-0.0015996,-0.0016722,-0.002279,-0.00065643,-0.002381,-0.0026658,-0.0020473,-0.0021444,-0.0026578,-0.0022694,-0.0051092,0.00053684,0.0021585,0.031257,0.44968,0.54252,-0.19247,0.19967,0.50711,-0.3979,-0.84049,-0.33369,0.25318,-0.28107,0.063643,0.2435,-0.013619,0.13915,-0.22445,0.061216,0.094072,-0.32958,-0.056716,0.16426,-0.083004,-0.11144,0.10132,0.11553,-0.018721,-0.07828,-0.13643,0.064922,-0.0074761,-0.16595,-0.015649,0.00083894,-0.048604,-0.0062264,0.0014532,-0.019678,-0.040319,-0.012702,-0.0032152,-0.035924,-0.0038002,0.00010224,0.028433,-0.020362,-0.041043,0.0054553,0.013752,-0.012555,-0.036503,-0.010894,0.015065,-0.0086522,-0.0064829,-0.0048217,-0.00079717,0.0068164,-0.0068059,-0.011003,-0.010198,0.0090672,0.0019344,-0.0039394,-0.0068078,-0.0023643,0.0051688,0.00034468,-0.0087961,-0.007039,0.001617,-0.0008506,-0.009883,-0.001936,0.0059871,0.0055323,0.0030701,-0.0063017,-0.00099311,0.0058256,4.8855e-05,-0.0045591,-0.0016777,-0.0032376,0.0072419,0.0058823,-0.0041802,-0.0013141,0.0033662,0.00023836,-0.0021146,-0.0034075,-0.0018504,0.0064178,0.0028321,-0.0011008,-0.0030983,-0.00026365,0.0029778,-0.001825,-0.0026517,-0.0014748,-0.0029455,-0.0020988,0.00087149,0.0011183,0.0014765,0.0038768,0.0027075,0.001205,0.00076212,-0.00061786,0.00028689,-0.0013184,-0.00089789,0.0012008,0.0027601,0.0033353,0.0011101,0.001637,0.0028581,0.0029434,0.0019928,0.0020951,0.0012474,0.00027593,0.0017871,0.0012185,0.0012345,-0.0051625,-0.0074645,-0.0025667,-0.0030526,0.0043302,0.0030217,0.00069328,0.0030037,-0.0037664,-0.00033495,0.0041597,-0.00086745,-0.00042676,0.0017155,0.0011421,0.0022884,0.00051987,0.00042906,0.0015706,0.00169,0.000112,0.00068157,0.00090561,0.00042005,0.0013689,0.00036162,0.00076069,-6.9244e-05,-0.00058401,0.00055582,0.00060806,-0.00013586,0.00016846,0.0019341,0.0012879,8.9574e-05,0.00025423,2.3437e-05
0,0,0,0,0,0,0,0,0,0,-5.5129e-10,-5.0597e-08,8.3147e-07,-3.7567e-06,1.8175e-05,-6.7222e-05,3.1123e-06,-0.00017654,-0.00023836,-0.0003135,-0.001344,-0.00097977,-0.0015423,-0.0025916,-0.0025673,-0.0014647,-0.0018483,-0.0031456,-0.0020291,-0.0022553,-0.002291,-0.0024045,-0.0038926,-0.0038995,0.0068088,-0.0061392,0.23585,0.58255,0.061162,-0.083328,0.5307,-0.02465,-0.68792,-0.54539,0.097584,-0.043934,-0.21934,0.30963,0.00024519,0.12764,-0.069325,-0.11654,0.14915,-0.18634,-0.1977,0.1357,0.022522,-0.11091,-0.0054874,0.1177,0.017343,-0.062559,-0.11459,-0.021306,0.062978,-0.1346,-0.05763,0.009934,-0.02001,0.0040943,-0.004381,-0.048883,-0.034721,-0.01949,0.0022873,-0.042012,-0.020642,0.0088395,0.02574,-0.0064891,-0.055139,1.127e-05,0.016227,-0.010869,-0.031277,-0.020369,0.0063571,0.012063,-0.010365,-0.0064767,-0.0029866,0.0088933,-0.0038542,-0.0088775,-0.017378,-0.0017057,0.014254,-0.00061214,-0.0086107,-0.010401,0.0074841,0.0056316,-0.010641,-0.014251,-0.0018608,-0.00059837,0.0043183,-0.003172,-0.00036609,0.0080676,0.0053316,-0.0063078,-0.00011212,-0.001619,-0.0023547,-0.0011353,-0.0034992,-0.00058241,0.0059434,0.0065054,0.00026223,-0.0035399,-0.0028894,0.0035295,-0.00046393,-0.0037784,0.00033205,0.004383,0.0039945,-0.001625,-0.0056065,-0.0016969,0.0013727,-0.00070846,-0.0034507,-0.0041625,-0.0024747,0.0018422,-0.00056104,-0.00037209,-0.00010883,0.0029929,0.0034533,0.00032969,-0.00089528,-0.00084241,0.00057271,-0.0027526,-0.00047453,0.00051301,0.001985,0.0027482,0.0015754,0.00069451,0.0038257,0.0073572,0.0045152,0.0014622,0.0020839,0.0017407,-0.0011232,-0.0033429,-0.009492,-0.0063723,-0.0040528,-0.0014647,0.0064246,0.0035968,0.0018518,-7.0857e-05,-0.0022291,0.0010934,-0.0017594,-0.0014951,0.00035288,5.9139e-05,0.0012189,0.0013985,0.00093435,9.9745e-05,0.00085398,0.00061231,0.00091447,0.001022,0.00030281,0.0011386,0.0011441,0.0010137,0.001046,0.0011087,0.00098019,-0.00054078,-0.0006966,0.00028318,9.547e-05,-0.00043744,0.0010164,0.001641,0.00031613,0.00023277
0,0,0,0,0,0,0,0,0,3.625e-10,4.3058e-08,-2.5751e-08,4.101e-07,-1.7129e-06,-1.8417e-05,-3.9447e-05,-0.00023157,-0.00032148,-0.00059757,-0.0007863,-0.00092937,-0.0015177,-0.0014796,-0.0022082,-0.0016861,-0.0026186,-0.0020933,-0.0017837,-0.0033256,-0.0010419,-0.0025574,-0.0022418,-0.0022767,-0.0035841,-0.0029747,0.005325,-0.002663,0.24866,0.52794,0.020169,-0.021458,0.47757,-0.075409,-0.60383,-0.47366,0.084108,-0.076223,-0.16115,0.26667,0.00049321,0.12248,-0.079457,-0.080051,0.091089,-0.1767,-0.13863,0.11846,0.020171,-0.103,-0.011115,0.10884,-0.013187,-0.066443,-0.088417,-0.0062793,0.037778,-0.11792,-0.045922,0.0088444,0.019869,-0.00016905,-0.042056,-0.052186,-0.01948,-0.016167,-0.0058305,-0.048143,-0.027881,0.010135,0.022316,-0.028665,-0.047678,0.0060797,0.011526,-0.016222,-0.034295,-0.011434,0.016242,0.0080816,-0.012807,-0.0069432,-0.0015574,0.012917,-0.0071623,-0.010047,-0.012397,0.0014361,0.01332,-0.0017155,-0.016252,-0.0075718,0.012612,0.00084439,-0.013166,-0.013931,-0.0027139,0.0076443,0.0060021,-0.0098267,0.001145,0.0081797,0.0023044,-0.0044832,-0.0011785,-0.0025701,0.0022936,-0.0017786,-0.0043711,0.0034751,0.0040239,0.0025542,0.0032088,-0.0017888,-0.0011485,0.0046325,-0.0009664,-0.0007035,0.0014761,0.0026756,0.0026293,-0.0017213,-0.0052777,0.00026935,0.0021697,-0.00082615,-0.0031481,-0.0031183,-0.00049029,0.0018488,-0.0020906,-0.0011727,0.0013499,0.0019271,0.002443,0.0010635,0.00065214,-0.00031188,0.0015722,0.0010386,0.00097318,0.00069283,0.0019219,0.0032276,0.0015241,0.0031867,0.0060187,0.0049376,0.0042338,0.0026604,-0.00084048,-0.0034852,-0.0039884,-0.0075761,-0.0088429,-0.0031351,0.0069203,0.0026781,0.0025257,0.0046729,-0.0034374,0.0016731,0.00068098,-0.0020525,-0.00078758,-0.00047948,0.0021086,0.0024413,0.0011012,0.0004998,0.0023485,0.0013519,0.00019152,0.0019011,0.0013862,0.0015934,0.0014031,0.0011865,0.0016486,0.001421,0.0015727,0.001355,0.00044333,-0.00082767,-0.00021627,0.00031985,-0.00014517,-9.0716e-05,0.00091711,0.001169,0.00035441
0,0,0,0,0,0,0,0,3.0723e-10,4.6249e-08,-1.0766e-07,6.7534e-07,-1.5959e-06,-1.9812e-05,5.6747e-06,-0.0003589,-0.00026146,-0.00062278,-0.0014994,-0.0018868,-0.0038073,-0.0031062,-0.00284,-0.0027818,-0.0027958,-0.0031812,-0.0020455,-0.0028727,-0.0021981,-0.0036317,-0.0027386,-0.00048338,-0.0020913,-0.0025031,-0.0026681,-0.0027745,0.0055021,-0.0068625,0.15779,0.47061,0.13028,-0.079322,0.37459,0.083496,-0.43786,-0.50402,-0.028112,0.044649,-0.22608,0.1938,0.046722,0.063415,-0.0019214,-0.09418,0.072537,-0.13983,-0.14311,0.083726,0.026382,-0.069469,-0.05541,0.08265,0.01811,-0.070909,-0.064898,-0.017777,0.036619,-0.085133,-0.060947,0.011109,0.030407,-0.016403,-0.066702,-0.03865,-0.015206,-0.025182,-0.016986,-0.045444,-0.018518,0.0013755,0.0062666,-0.0082455,-0.037354,-0.011128,-0.0052361,-0.01559,-0.03327,-0.01781,0.011759,0.015642,-0.0095241,-0.0076152,0.0006754,0.017485,0.0016067,-0.0088139,-0.010165,-0.0008822,0.008856,-0.0057183,-0.010708,-0.0026417,0.010234,0.0031478,-0.0057188,-0.011586,-0.0055806,0.0045406,0.0065853,-0.0092404,-0.0034415,0.0040289,0.00081653,-0.0057419,0.0012377,0.0028456,0.0029142,0.00058869,-0.00091054,0.0022717,0.0025738,0.0039864,-0.00039605,-0.0049334,-0.00023484,0.0044316,0.00104,-0.0018626,0.002037,0.004296,0.0023224,0.0032536,0.0015023,0.0094784,0.01295,0.011914,0.011015,0.0060966,0.0053413,-0.0018586,-0.010516,-0.012372,-0.01091,-0.010106,-0.010429,-0.0066607,-0.0039283,-0.0026395,-0.00038507,-0.0012331,-0.00089336,-0.0013269,-0.0041467,-0.0014204,0.0018493,-0.0015422,-0.0023958,0.0030255,0.0045284,-0.0033474,-0.0063929,-0.0041123,-0.0088916,-0.01093,-0.013432,-0.0047345,0.0047971,-0.0012285,0.0008107,0.001428,-0.0010805,0.0021043,0.001084,0.00046198,-2.7929e-05,-0.00037929,0.0033303,0.0034279,0.0014272,0.00099684,0.002115,0.0022316,0.00037759,0.00076296,0.001357,0.0020961,0.0018548,0.0016879,0.0021358,0.0020181,0.0018496,0.0012788,0.0005692,0.00011075,-0.00016484,0.0001236,0.00021477,-0.00018056,0.00014089,0.00064564
0,0,0,0,0,0,0,8.1928e-11,3.6494e-08,1.3734e-07,-7.8367e-07,2.9858e-06,-3.3314e-05,-3.4489e-05,-5.0386e-05,-0.00051131,-0.00062442,-0.00067418,-0.0017119,-0.0020657,-0.0019763,-0.001524,-0.0020075,-0.0027957,-0.0020032,-0.0022528,-0.0032849,-0.0028097,-0.002336,-0.0021465,-0.0040175,-0.0018493,-0.0022132,-0.0026325,-0.0028599,-0.0039167,0.0021732,-0.0041694,0.056915,0.36783,0.30921,-0.087819,0.22229,0.28175,-0.28363,-0.49309,-0.2174,0.1029,-0.18537,0.029042,0.14125,0.022072,0.049911,-0.12352,0.013638,-0.001787,-0.16606,0.022768,0.074889,-0.060931,-0.075112,0.047351,0.028948,-0.036594,-0.04488,-0.053385,0.039069,-0.041941,-0.10402,0.016336,0.041051,-0.015783,-0.042161,-0.037187,-0.01913,-0.040453,-0.039209,-0.04416,-0.027093,-0.013549,-0.022666,-0.0029149,-0.014366,-0.021491,-0.0031545,-0.0070774,-0.021402,-0.019823,0.0029477,0.012858,-0.0060552,-0.012283,-0.008271,0.011133,-0.0072291,-0.017296,0.003732,0.0029221,0.0035239,0.00077421,-0.0055698,-0.0058009,-0.0041836,-0.0022729,-0.0097162,-0.010735,-0.011269,-0.0050734,0.0042409,-0.0020321,-0.00098772,0.0041929,0.0019729,-0.0068762,-0.0027332,0.0032214,-0.0014635,-0.0024863,-0.003033,-0.0016373,0.0028813,0.0012233,-0.0034165,-0.0027496,0.0022768,0.0033737,0.0024106,-1.087e-05,0.0030087,0.0041863,-0.0011499,-0.0023991,-0.0025226,-0.003997,-0.0033718,-0.0014497,-0.0028028,-0.0060909,-0.0024447,0.00069832,-0.0030057,-0.0025703,0.0012539,0.0015184,0.0013424,0.00083547,0.0032218,0.0032033,0.0017501,0.00092961,0.00047543,0.00053354,-0.00027672,0.0024816,0.0031698,0.0036489,0.0047466,0.0054519,0.0052628,0.00076278,-0.0021133,-0.0020623,-0.0047,-0.0062117,-0.0093595,-0.0074904,0.0047684,0.0052068,-0.00022379,0.0033278,0.00079537,-0.0014426,-0.00032836,-0.0018838,-0.00152,-0.00059886,0.00020986,0.0019359,0.0020355,0.00068761,0.0013275,0.0031977,0.0018028,0.0015142,0.0023615,0.0021563,0.0021159,0.0011725,0.0015457,0.0019198,0.0016745,0.0014192,0.0011036,0.00051641,0.0001572,0.00034091,0.00047129,0.00016194,0.00016152,0.00062157
0,0,0,0,0,0,4.7322e-10,4.975e-08,-1.6364e-07,1.0282e-06,-5.3888e-06,-3.0043e-06,-5.2756e-05,-0.00012609,-0.00021621,-0.00051158,-0.00085197,-0.0010151,-0.0012751,-0.002164,-0.0021865,-0.0020151,-0.0020515,-0.0023804,-0.0032278,-0.0023939,-0.0029655,-0.0028787,-0.002797,-0.0025287,-0.0022823,-0.0020331,-0.0023716,-0.0028111,-0.0030476,-0.002135,-0.0052852,0.0015726,-0.0041419,0.059177,0.3337,0.26071,-0.069571,0.21421,0.23893,-0.24106,-0.42377,-0.18059,0.077956,-0.17279,0.020531,0.11691,0.010912,0.042069,-0.1055,0.0058576,-0.0020226,-0.10964,0.016005,0.044072,-0.044113,-0.072461,0.029492,0.036194,-0.039384,-0.043298,-0.03451,0.023121,-0.061106,-0.06603,0.029904,0.0046044,-0.024447,-0.028127,-0.030414,-0.035615,-0.051003,-0.036459,-0.034946,-0.026874,-0.027544,-0.014834,0.0037082,-0.016977,-0.016031,-0.0098276,-0.0076791,-0.015677,-0.01823,-0.0014403,0.0069035,-0.0053186,-0.0027025,-0.0031122,0.0010285,0.00045489,-0.010021,-0.001542,0.0044455,-0.00062986,-0.00063934,0.00055283,-0.0071237,-0.012707,-0.0072488,-0.009196,-0.0098029,-0.0094633,-0.0082134,0.0036129,0.0021549,-0.0013824,0.0020645,0.0032795,-0.0018996,-0.0019393,0.00085529,-0.0019143,-0.0019737,-0.00010384,-0.0011593,0.0007896,-7.5568e-05,-0.0022423,-0.00039465,0.0010645,0.00097609,0.0026259,-4.6001e-05,-0.00026217,0.0022342,-0.00068799,-0.0015774,-0.00042223,-0.0020363,-0.0023726,0.00011555,0.00010299,-0.004256,-0.0035991,-0.0029808,-0.0022346,0.00032079,-0.0014316,0.00056198,0.0037713,0.0042625,0.0028821,0.0024317,0.00027576,-0.0010859,0.00010841,-0.00048695,-0.00070855,0.0019851,0.0062163,0.0047203,0.0023896,0.0037944,0.0045833,0.00010948,-0.005193,-0.0048715,-0.003362,-0.0058336,-0.009714,-0.0017898,0.0069003,0.0024919,0.00080461,0.0030996,-0.00079448,-0.00090757,-0.00028193,-0.0013585,-0.00019734,-0.00038758,0.00039342,0.0024177,0.0016317,0.00071115,0.0018736,0.0027139,0.001447,0.0016743,0.0018918,0.0018002,0.0017088,0.0011943,0.00134,0.0016964,0.0014588,0.0009413,0.00083712,0.00049147,0.00010667,0.00026484,0.00041366,0.00011586,0.0001736
0,0,0,0,0,1.9364e-10,-6.9776e-09,4.1058e-07,-1.2837e-06,4.1721e-06,-2.3213e-05,-9.8866e-05,-5.4044e-05,-0.00030843,-0.00073304,-0.00066622,-0.001375,-0.0019716,-0.0015168,-0.0021877,-0.0026548,-0.0016773,-0.0024925,-0.0030131,-0.0022097,-0.0028959,-0.0022476,-0.002349,-0.0027695,-0.0028746,-0.002375,-0.002412,-0.0036547,-0.0027263,-0.0021352,-0.002661,-0.0035769,-0.0031217,-0.00070715,-0.0004047,0.02833,0.26368,0.28808,-0.037868,0.13706,0.27197,-0.13216,-0.37131,-0.23518,0.073201,-0.13866,-0.042678,0.11245,-0.0023073,0.056424,-0.082644,-0.016875,0.032118,-0.084846,-0.019612,0.039387,-0.016519,-0.07822,0.01188,0.045949,-0.040262,-0.035973,-0.038912,0.00069828,-0.032275,-0.045448,0.0031706,-0.0080441,-0.019157,-0.029133,-0.04143,-0.039401,-0.050442,-0.032828,-0.026317,-0.037764,-0.026751,-0.0061519,0.0012957,-0.021207,-0.017306,-0.0067171,-0.010273,-0.012314,-0.014534,-0.0092478,0.0098835,-0.0013443,-0.006043,-0.0021554,-0.0026659,-0.0068786,-0.0052373,-0.0019223,-0.0022199,0.0027596,0.00085113,-0.0034067,-0.0072244,-0.010681,-0.0053181,-0.0084404,-0.010172,-0.0086853,-0.0092345,0.00059635,0.0031051,0.0013985,0.00022813,0.002427,0.00057025,-0.0038934,-0.0023141,9.1482e-05,-0.00060932,-0.0023006,-0.0035751,0.001013,0.0011813,-0.0014607,-0.0020086,-0.00019823,-0.0016227,0.0011542,-0.0006366,-0.0036407,-0.0010034,-0.0016223,-0.0010799,-0.0012807,-0.0027697,-0.0015426,0.0011676,-0.00187,-0.0068638,-0.0044583,-0.0023546,-0.00093702,-0.0019597,-0.00018183,0.0022579,0.001506,0.0012466,0.0014639,-0.00021242,-0.00035298,0.0009308,-0.00012605,-0.00084337,0.0012605,0.0027858,0.0049799,0.0012108,-7.8498e-05,0.0026011,0.0031065,-0.0043401,-0.0067034,-0.0035591,-0.0053264,-0.0082357,-0.0079711,0.0025578,0.0055735,3.0408e-06,0.001861,0.00078392,-0.002236,-0.00083642,-0.00068329,-0.0012791,-0.0012863,-0.00084599,0.0012541,0.0020815,0.00045599,0.0007369,0.0021032,0.0014341,0.0011295,0.0015212,0.0015671,0.0014148,0.0012522,0.0012866,0.0012079,0.0013105,0.0010169,0.00074257,0.00065511,0.00028827,0.0001487,0.00022739,0.00024948,0.00011866
0,0,0,0,2.1252e-10,6.4679e-08,-2.584e-07,1.3633e-06,-4.8822e-06,-1.1756e-05,-9.5079e-06,-0.00030813,-0.00019034,-0.00039084,-0.0015675,-0.0011491,-0.00133,-0.0015219,-0.0025459,-0.0021809,-0.0021087,-0.0029547,-0.0022922,-0.0020934,-0.0022304,-0.0029951,-0.0027112,-0.0025563,-0.0033043,-0.0025928,-0.0024884,-0.0022156,-0.0033793,-0.0034802,-0.0019453,-0.0032712,-0.0025392,-0.0018578,-0.0043788,0.0001894,-0.0039486,0.04561,0.2651,0.21975,-0.034664,0.17988,0.21801,-0.14824,-0.32637,-0.1675,0.044867,-0.15955,-0.0048279,0.066127,0.0084784,0.04538,-0.077856,0.01087,0.026333,-0.078757,-0.0021684,0.042381,-0.035388,-0.071653,0.02587,0.014425,-0.045322,-0.021453,-0.046266,-0.0053031,-0.0082931,-0.040767,-0.035069,-0.020834,-0.014059,-0.033811,-0.045809,-0.03943,-0.038972,-0.018225,-0.027332,-0.035134,-0.018703,-0.0086713,-0.0071707,-0.021434,-0.025666,-0.010805,-0.0038355,-0.0099568,-0.013017,-0.003991,0.0085065,0.0037102,-0.0033643,-0.010696,0.00054731,-0.0057985,-0.0076613,-0.0017271,-0.0061001,6.343e-05,-9.9168e-05,-0.003846,-0.0050468,-0.010326,-0.0043265,-0.0061472,-0.0099396,-0.011342,-0.0064547,0.0045019,0.0022985,0.0011714,0.0021812,0.0048716,0.0012522,-0.0055039,-0.0011518,0.0010934,-0.0016729,-0.0014603,-0.0014383,-0.00073105,0.0009881,-0.00082641,-0.0022819,-0.0036777,-0.0034416,0.00050675,-0.00031097,-0.0041737,0.00061571,0.0038702,0.00081197,0.00046329,0.00074622,-0.0018774,-0.001301,-0.0018194,-0.0056631,-0.0057835,-0.0020732,-0.00091051,0.0016275,0.0027614,0.0032722,0.0041256,0.0032867,0.0001175,-0.0018571,0.0014464,0.00085738,0.00021425,0.0004335,0.00064019,0.0038857,0.0055077,0.0021308,0.00043472,0.004381,0.0036165,-0.0056706,-0.0064853,-0.0036316,-0.0040115,-0.0080252,-0.0063852,0.0047881,0.0044068,0.00081861,0.0023186,0.0011386,-0.0015385,-0.00073981,8.0285e-05,-0.00072331,-0.0010064,-0.00020532,0.0023026,0.0026035,0.00049181,0.0010478,0.002181,0.0015591,0.0014596,0.0014855,0.0016224,0.0014579,0.0013746,0.0013574,0.0011238,0.0010598,0.00086086,0.00067763,0.00048655,0.00028513,0.00017961,0.00020774,0.00021018
0,0,0,0,8.3715e-09,1.3184e-07,-1.4375e-07,6.3133e-07,-8.5346e-06,-5.5712e-05,-0.00012181,-0.00027408,-0.00060016,-0.0009279,-0.0014117,-0.0020563,-0.0012875,-0.001758,-0.002144,-0.0030888,-0.0015407,-0.0027691,-0.0029358,-0.0024605,-0.0032929,-0.0028958,-0.0030762,-0.0030361,-0.0027969,-0.0025106,-0.0031584,-0.0035098,-0.0018351,-0.0031653,-0.0032189,-0.003065,-0.0026785,-0.0020556,-0.0029964,-0.0023791,-0.0012282,-0.001518,0.035011,0.22018,0.22596,0.027252,0.18258,0.22813,-0.10083,-0.27301,-0.17253,-0.04775,-0.15546,-0.053923,0.048873,0.065284,0.010476,-0.079822,0.010603,0.059304,-0.06367,-0.011472,0.064666,-0.044418,-0.074047,0.0011581,-0.027459,-0.016938,-0.0077646,-0.065998,0.0098915,-0.0055689,-0.097979,-0.04844,-0.0071214,-0.024554,-0.024276,-0.042779,-0.033604,-0.0060708,-0.03403,-0.059949,-0.014313,-0.020079,-0.041033,-0.022881,-0.020916,-0.017475,0.00068385,0.0064735,0.0043381,0.0051249,0.003488,0.0068099,0.0073553,-0.0058315,-0.011451,0.0062146,-0.0029038,-0.017759,-0.010133,-0.0051438,-0.0042029,0.0015684,-0.0071376,-0.0053873,0.0072669,-0.003067,-0.011373,-0.0047373,-0.0028087,-0.0012341,-0.0016602,-0.0086693,-0.00052334,0.0069029,0.0016562,0.0016813,0.0069536,0.0028412,0.0042584,0.0087456,0.0025085,-0.0016525,0.0021185,0.001293,-0.0008028,-0.0018411,-0.0046839,0.0007227,-0.00017863,-0.0060494,-0.0037458,-0.0019965,-0.0038996,-0.0041968,-0.004511,-0.0033903,-0.00012223,-0.0018625,-0.0040601,-0.0018585,-0.0011361,0.0021584,0.0049985,0.00432,0.0056128,0.0063197,0.0066078,0.007187,0.0063282,0.0039565,0.005412,0.0048927,0.0014054,-0.002369,-0.00097573,0.0005647,-0.0010759,-0.0050358,-0.0035677,0.0021893,-0.001606,-0.0078887,-0.0061257,-0.002554,-0.0042809,-0.0077041,-0.0033971,0.0055399,0.0054492,0.002721,0.0059047,0.0050933,0.0010964,0.00068691,0.00099635,0.00066026,0.00014603,3.5809e-05,0.0019274,0.0023792,0.00041542,0.0010868,0.002118,0.0010099,0.00078355,0.0010775,0.0010618,0.0010456,0.0010237,0.0011079,0.0012241,0.0010388,0.00077457,0.00066777,0.00051211,0.0003085,0.00018833,0.00017846
0,0,0,2.0393e-08,8.207e-09,1.8724e-07,9.7684e-08,-1.2944e-05,-1.9837e-05,-0.00014277,-0.0003062,-0.0003364,-0.00076761,-0.0015414,-0.0017935,-0.002419,-0.0020592,-0.0027873,-0.0020163,-0.0025295,-0.0029061,-0.002214,-0.0030762,-0.0033026,-0.0031865,-0.0027183,-0.0030106,-0.0029387,-0.0029605,-0.0019325,-0.0032863,-0.0033252,-0.0020132,-0.0033845,-0.0031859,-0.0022643,-0.0029234,-0.0026612,-0.0025917,-0.0031,-0.0028077,-0.0021009,-0.0015747,0.025182,0.17725,0.20869,0.041101,0.1629,0.22227,-0.057517,-0.21981,-0.15879,-0.070032,-0.14087,-0.077366,0.036575,0.056514,0.021313,-0.048309,0.021682,0.068796,-0.032264,-0.023693,0.031865,-0.038831,-0.073829,-0.022893,-0.026201,-0.015201,-0.017614,-0.063723,0.001279,-0.02005,-0.10835,-0.047288,0.001924,-0.026897,-0.028772,-0.026983,-0.015249,-0.0059972,-0.043874,-0.050943,-0.0088041,-0.032592,-0.052271,-0.01791,-0.016813,-0.014425,0.0055711,0.0082912,0.0087284,0.0047069,-0.0030409,0.0034849,-0.00078434,-0.013199,-0.0075617,0.00046606,-0.0079863,-0.017385,-0.011004,0.00027609,0.0013432,0.0011064,-0.00047705,-0.0036336,0.00075498,-0.00085203,-0.0088751,-0.0039145,0.0011768,-0.0017046,-0.0012959,-0.0054377,-0.0055806,0.0027318,0.0034361,-0.00036885,0.0039709,0.0066723,0.0047038,0.0052414,0.0032736,0.00044934,0.0021217,-0.00033905,-0.004357,-0.0033971,-0.0025827,-0.0043019,-0.0022753,-0.0015271,-0.00232,0.0002422,0.00083021,-0.0030195,-0.003034,-0.001467,-0.0024421,-0.0021137,-0.0032813,-0.0018996,0.0042516,0.0043731,0.0020992,0.0021953,0.0016051,0.0017465,0.0049556,0.006034,0.0062467,0.0067068,0.0056137,0.0043171,0.0018746,0.00073666,-0.0001658,-0.00017579,-0.0013643,-0.003168,-0.0021007,0.00067344,8.3355e-05,-0.0050384,-0.0049603,-0.0021662,-0.0012809,-0.0045778,-0.0038852,0.0037866,0.0049374,0.0021047,0.0039916,0.0046463,0.0012576,-2.4103e-05,0.00045259,0.00052718,0.00012439,-0.0003327,0.00081624,0.0017394,0.00064526,0.00077913,0.0018841,0.0014255,0.00095478,0.0011954,0.001197,0.0010483,0.00094728,0.00088142,0.00092681,0.00085527,0.00063005,0.00053384,0.00044314,0.00026333,0.00017257
0,1.6136e-10,1.7937e-08,1.2502e-07,-1.1436e-07,5.9645e-07,-1.6049e-05,-5.4932e-05,-0.00018125,-0.00032004,-0.00056649,-0.00099419,-0.0016118,-0.0016974,-0.0013242,-0.0027316,-0.0020018,-0.0021604,-0.0023103,-0.002436,-0.0027394,-0.0020188,-0.0029619,-0.0021286,-0.0028765,-0.0030959,-0.0027454,-0.0024836,-0.002744,-0.0034991,-0.0015286,-0.0028647,-0.0023294,-0.0025239,-0.0021023,-0.0023174,-0.0025402,-0.003072,-0.002507,-0.0020228,-0.0027255,-0.0020742,-0.0031568,0.00038786,-0.0042845,0.040065,0.17751,0.12111,0.035145,0.18941,0.12326,-0.078062,-0.17856,-0.11049,-0.038491,-0.12583,-0.0015826,0.039599,0.066327,0.050003,-0.0024929,0.035508,0.028298,-0.049031,-0.041566,-0.009084,-0.043966,-0.053525,-0.039114,-0.038325,-0.048829,-0.040226,-0.017794,-0.013667,-0.060576,-0.052515,-0.002554,-0.016924,-0.037223,-0.026125,-0.0066668,-0.01125,-0.037171,-0.039122,-0.019229,-0.016702,-0.026158,-0.022863,-0.0094867,-0.011705,-0.0058563,-0.0021439,-0.0076614,-0.0093965,-0.0071699,-0.0082535,-0.01104,-0.016869,-0.011583,-0.0042711,-0.01039,-0.01362,-0.0013164,0.0018367,0.0019577,0.00064446,-0.002968,0.0011178,3.5487e-05,-0.0025381,-0.0044383,-0.0066511,-0.00535,-0.0036263,-0.0019315,-0.0023231,-0.002974,-0.002023,-0.0016693,-0.0016468,-0.0017043,-0.00092265,0.00053873,0.00028506,-0.0022356,-0.00012278,0.0011385,0.0005469,-0.0018772,-0.0039427,-0.0030387,-0.0021814,-0.0032898,-0.0025772,-4.009e-05,0.00089313,0.003031,0.0019632,0.0012182,0.0018303,0.0019135,0.00063706,-0.00035985,-0.0012987,-0.0016819,-0.00059795,-0.00077359,-7.4608e-05,0.00085798,0.0021601,0.0019887,6.8947e-05,0.00020231,0.0010085,1.7686e-06,-0.0019034,-0.0018512,-0.0012195,4.4691e-06,0.00025395,0.0017455,0.0030168,0.0012933,-0.00061035,0.0013354,0.0011762,-0.0029345,-0.0042654,-0.0020381,-0.00013188,-0.0028322,-0.0044933,0.0018629,0.0041704,0.0012595,0.0017011,0.0023278,0.0018265,-0.00037679,0.00031983,0.000632,0.000736,0.0002619,0.00043553,0.0015503,0.001085,0.00091371,0.0013245,0.0012105,0.00083804,0.0007564,0.00072059,0.00061532,0.0005552,0.00048496,0.00045277,0.00040324,0.00028897,0.0002134,0.00015863
2.0692e-09,9.2472e-09,3.4583e-07,-1.2406e-06,5.9655e-06,-4.0325e-05,-7.088e-05,-0.00013592,-0.00068428,-0.00073043,-0.00092521,-0.001139,-0.0019507,-0.0025446,-0.0023993,-0.0026841,-0.0021583,-0.0025655,-0.0023714,-0.0027355,-0.0030363,-0.0029825,-0.0026127,-0.0028094,-0.0030258,-0.0027749,-0.0020451,-0.0031116,-0.0024832,-0.0032387,-0.0034764,-0.0018161,-0.0030471,-0.0021353,-0.0028114,-0.0025891,-0.0025626,-0.0018583,-0.0032331,-0.0035252,-0.0026841,-0.002643,-0.0032446,-0.0025778,-0.0048109,-0.0011247,-0.0039083,0.050388,0.14543,0.099783,0.072123,0.13826,0.076749,-0.065128,-0.15437,-0.064229,-0.016923,-0.061986,0.039192,0.051955,0.037304,0.022007,0.0041327,0.029851,-0.03641,-0.084421,-0.044721,-0.050425,-0.077994,-0.073272,-0.025786,-0.0072871,-0.017728,-0.025594,-0.044354,-0.022545,-0.031316,-0.033498,-0.024856,-0.026549,-0.013606,-0.017801,-0.024548,-0.027443,-0.019584,-0.0090607,-0.0186,-0.023879,-0.020745,-0.011123,-0.0088354,-0.017809,-0.011271,-0.0086302,-0.010423,-0.010173,-0.01626,-0.013056,-0.0037839,-0.0052949,-0.0063552,-0.0098104,-0.010107,-0.0015457,0.0010349,-0.0086807,-0.0013951,0.0033056,-0.00047549,-0.00048701,-0.0036787,-0.0029087,0.00042368,-0.0018665,-0.0054395,-0.0042392,-0.0030865,-0.00064782,-0.0015686,-0.005766,-0.0046454,0.002307,0.00083921,-0.0034688,-0.0027525,0.00051506,0.0025321,-0.0015713,-0.0018987,0.00038619,0.0019296,-0.00017875,-0.0029518,-0.0021516,-0.0033853,-0.0031261,-0.0013034,-0.0032716,-0.0029312,0.001047,0.002556,0.0020387,0.0008565,-0.00016362,0.0006017,0.001437,-0.00020776,-0.00023762,0.00097877,-0.00074564,0.00010335,0.00049167,0.00029025,5.0415e-05,-0.00036032,4.3649e-05,0.00078875,0.0017405,0.0020177,0.0023101,0.0012606,-0.00019737,0.00028299,0.00080204,-0.00021244,-0.00067652,-0.00030366,0.0012286,0.001143,-0.0012756,-0.0021939,-0.00044842,0.00080984,-0.0015734,-0.0020008,0.0014936,0.0018219,0.0011192,0.0010321,0.0016504,0.0013075,0.00027342,0.00070977,0.00071303,0.0009029,0.00068136,0.00083858,0.0011488,0.00095218,0.00086142,0.00076048,0.00064905,0.00051269,0.00042181,0.00034486,0.00030636,0.00025384,0.00020354,0.00015368,0.00011272
3.9355e-08,5.4754e-08,-1.4606e-06,-2.8361e-05,-6.5478e-05,-0.00017121,-0.00038889,-0.00063558,-0.00099485,-0.0015665,-0.0014056,-0.0017489,-0.0023601,-0.0018771,-0.0027828,-0.0027654,-0.002198,-0.002997,-0.0032308,-0.0029731,-0.0028221,-0.0030909,-0.002656,-0.0023635,-0.0029252,-0.0025868,-0.0034527,-0.0033177,-0.00157,-0.0030094,-0.0028331,-0.0022781,-0.0029343,-0.0024008,-0.0027339,-0.0031971,-0.00234,-0.0026799,-0.0022745,-0.0024451,-0.0041967,-0.0038484,-0.0026176,-0.0023453,-0.0029414,-0.0020347,-0.0044497,-0.0030302,-0.0028195,0.049955,0.13954,0.12791,0.098892,0.1423,0.087679,-0.046423,-0.090655,-0.038953,-0.01414,-0.040257,-0.0049275,-0.016367,-0.04251,-0.029739,-0.033942,-0.039468,-0.047666,-0.052346,-0.046835,-0.036768,-0.039221,-0.040891,-0.023039,-0.024017,-0.0335,-0.033225,-0.030011,-0.017035,-0.025462,-0.029459,-0.019474,-0.015814,-0.014506,-0.019548,-0.017852,-0.012571,-0.014453,-0.017533,-0.020115,-0.018607,-0.018514,-0.018218,-0.016906,-0.017054,-0.011142,-0.00936,-0.0067749,-0.0090996,-0.010897,-0.0050948,-0.0058668,-0.0068147,-0.0048276,-0.0050616,-0.0013184,0.0018406,-0.0040002,-0.0025093,-0.00024999,-0.0047713,-0.0040631,-0.0054285,-0.0077632,-0.0038975,-0.002967,-0.005186,-0.0040747,-0.0027493,-0.00084233,-0.00031579,-0.0029104,-0.0053655,-0.001307,3.233e-05,-0.0014854,-0.00081748,0.0011831,0.0019277,0.00011081,-0.0025033,-0.0033963,-0.0028067,-0.0034938,-0.0036362,-0.003192,-0.0020776,-0.0011339,0.00053717,0.0013844,0.0018627,0.0020079,0.0010168,0.0024232,0.0021275,0.001386,0.0015531,0.0013193,0.0005512,0.00070122,0.001191,0.0010375,-9.0175e-05,-0.00219,-0.00055101,-0.00068131,-0.00094295,-0.00024073,0.00058063,0.00059452,0.00058488,0.0010981,0.00016308,0.00043021,-0.00062193,-0.00067847,-0.0004963,-0.00088021,-0.00056922,1.1503e-05,0.00054037,7.5984e-05,0.0007226,0.0012565,0.00073592,-0.00031488,6.5903e-05,0.00093988,0.00042541,0.00022256,0.0011105,0.0016773,0.0012286,0.0010618,0.0010424,0.0010046,0.00072834,0.00056794,0.00067917,0.00062909,0.00055007,0.00048635,0.00048291,0.00038209,0.00028962,0.00023508,0.00018375,0.00013564,9.5375e-05,6.3407e-05,3.4833e-05
