6.2644e-08,-5.1394e-07,-1.705e-06,7.1345e-06,-5.7947e-05,0.00028612,-0.00027538,-0.00051657,-0.00087669,-0.0020676,-0.0015583,-0.0022042,-0.0026536,-0.0018778,-0.0027369,-0.0023276,-0.0018401,-0.0028458,-0.0025091,-0.001614,-0.0029468,-0.0031522,-0.0014748,-0.0014148,-0.0030595,-0.0026869,-0.0030196,-0.0027909,-0.0014169,-0.003116,-0.0025564,-0.0015177,-0.0025343,-0.0023283,-0.0003273,-0.0020813,-0.0031342,-0.0023438,-0.002677,-0.0030057,-0.0015098,-0.0013112,-0.0011485,-0.0019051,-0.0031433,-0.0036888,-0.003646,-0.002302,0.001698,-0.0009718,0.056452,0.1866,0.1649,0.062196,0.10121,0.11073,-0.026645,-0.08927,-0.018892,-0.0059837,-0.036591,-0.057356,-0.07685,-0.02703,0.0079553,-0.029599,-0.040866,-0.040075,-0.048496,-0.027712,-0.040041,-0.064609,-0.025024,-0.011606,-0.043136,-0.041605,-0.026767,-0.013205,-0.010337,-0.031448,-0.031319,-0.0073308,-0.0086266,-0.024597,-0.022726,-0.015895,-0.013144,-0.018565,-0.028012,-0.023671,-0.013243,-0.013956,-0.017615,-0.016653,-0.010889,-0.006415,-0.0077438,-0.015543,-0.012947,-0.0029845,-0.0057896,-0.0079898,-0.0081896,-0.0048897,0.00015265,-0.0055356,-0.0080968,-0.0021615,-0.0037553,-0.0045802,-0.0018922,-0.0054758,0.00017056,0.0047728,0.00058321,-0.0022754,-0.00061163,0.0043265,0.0038448,-0.00025597,-0.0031589,-0.0035666,-0.0050861,-0.0078421,-0.0082096,-0.0081599,-0.005556,-0.0034958,-0.0038143,-0.0034467,-0.0023638,-0.002931,-0.0039651,-0.003029,-0.0024558,-0.00077173,0.00055416,-0.00041339,-0.00028565,5.2762e-05,0.00067199,0.0028093,0.0024072,0.0023566,0.0042016,0.0024915,0.00060411,0.0024971,0.0024023,0.0025026,0.0023877,0.00012307,0.00051256,0.0003635,-0.00054036,0.00017588,0.00026624,0.0015509,0.0023185,0.0021642,0.0019675,0.0016321,0.0014804,0.00041873,0.00017036,-0.00028377,0.00063032,0.00096397,0.00058083,0.00067079,0.00076233,0.0010926,0.0009958,0.0012577,0.0014241,0.0015297,0.0013464,0.001166,0.00084624,0.00093998,0.0011534,0.00076445,0.0006346,0.0008816,0.0010092,0.00084432,0.00073214,0.0006946,0.00063751,0.00056425,0.00046428,0.00038377,0.0003646,0.00032514,0.00025329,0.00020195,0.0001604,0.00011324,6.9955e-05,3.6198e-05
-7.141e-09,6.4859e-08,-2.1006e-07,1.6671e-06,-3.7281e-06,4.0795e-06,-7.7093e-05,-0.00024039,-9.957e-05,-0.00042855,-0.00088868,-0.00083157,-0.00093563,-0.00091413,-0.0011318,-0.00127,-0.0008625,-0.0011956,-0.0014325,-0.00093148,-0.001644,-0.00051909,-0.0014381,-0.001645,-0.0011684,-0.001127,-0.0018688,-0.0011849,-0.0028761,-0.0017448,-0.00022142,-0.0018562,-0.0011174,-0.0011998,-0.0022865,-0.0011646,-0.00063061,-0.0019431,-0.0021575,-0.0011033,-0.0014218,-0.0011283,-0.0016368,-0.0014853,-0.001837,-0.0012802,-0.0014204,0.014815,0.11255,0.16403,0.072793,0.093185,0.12721,-0.0095725,-0.10318,-0.06536,-0.021408,-0.055178,0.017624,0.055294,0.023333,0.047113,0.032832,0.0085048,-0.059327,-0.099955,-0.059451,-0.060494,-0.063495,-0.06057,-0.019761,-0.0018611,-0.018008,-0.038866,-0.036296,-0.017689,-0.033414,-0.03468,-0.029726,-0.024921,-0.0040047,-0.017614,-0.026702,-0.02093,-0.012379,-0.018598,-0.023551,-0.021907,-0.016893,-0.0043807,-0.014091,-0.019503,-0.0092272,-0.0092588,-0.012626,-0.016048,-0.013866,-0.0079514,-0.0028782,-0.005,-0.0088312,-0.0036548,-0.0031322,-0.004385,-0.0054835,-0.0052666,-0.0033159,0.0025582,-0.00376,-0.0060283,0.0024991,0.0023584,-0.0038483,-0.0056045,-0.0056115,-0.0019884,-0.0022558,-0.0024812,-0.0038572,-0.0029386,-0.00095726,0.0025631,0.00085082,-0.0024865,0.0017017,0.0019003,-0.002185,-0.0014166,-0.00053208,-6.2532e-05,-0.0007859,-0.0020346,-0.0015923,0.0005338,-0.00010803,0.00065401,-0.0006846,0.0013171,0.0033962,0.0039402,0.0014839,0.0032151,0.0030199,0.00033543,2.7988e-05,-7.0756e-05,0.000936,-0.0015518,-0.0023625,-0.0025555,-0.0045033,-0.0037436,-0.0026633,-0.0021268,-0.0020785,-0.00031428,0.00070895,0.00027019,0.0015572,0.0014894,0.0017818,0.00091847,0.00072041,0.0014468,0.0012543,0.00080059,0.00066295,0.0010124,0.00069315,0.00077279,0.0015036,0.0012496,0.00072204,0.001305,0.0021845,0.0014042,0.00080951,0.0010206,0.00093702,0.00069874,0.00046661,0.00060066,0.0013178,0.0013477,0.0010464,0.00097978,0.001012,0.0007982,0.00065232,0.00063781,0.00053863,0.00048587,0.00044175,0.00041251,0.0003643,0.00029639,0.00024147,0.00018595,0.00012525,8.1239e-05
0,1.0638e-08,4.9437e-08,7.9371e-08,-9.8679e-07,-3.5448e-06,-3.7318e-05,-6.2434e-05,8.4132e-05,-0.00066473,-0.0010152,1.5403e-05,-0.0012446,-0.0020644,-0.0017063,-0.0015565,-0.0014772,-0.0023958,-0.0021145,-0.0016714,-0.0023514,-0.0026367,-0.0022443,-0.0019501,-0.0021625,-0.0012839,-0.00059835,-0.0026729,-0.00079555,-0.0040611,-0.0046429,-0.0010712,-0.0014739,-0.0022931,-0.0027019,-0.0021337,-0.0047065,-0.0027674,-0.0021641,-0.0017919,-0.003004,-0.0030796,-0.0020376,-0.00040696,-0.0027364,0.040027,0.16889,0.12953,0.062722,0.17028,0.088188,-0.091023,-0.15639,-0.084519,-0.070886,-0.084249,0.055788,0.061303,0.060511,0.039255,0.022921,0.051831,-0.031488,-0.05939,-0.01269,-0.040367,-0.084813,-0.060423,-0.040663,-0.052956,-0.012926,-0.023375,-0.03137,-0.038069,-0.034771,-0.016428,-0.028684,-0.041142,-0.014419,-0.0029953,-0.030465,-0.036553,-0.013212,-0.020149,-0.023317,-0.029378,-0.021617,-0.010009,-0.011894,-0.01383,-0.0048192,-0.0083546,-0.0060607,-0.0039003,-0.015143,-0.017832,-0.0071483,-0.011449,-0.0095022,-0.0085444,-0.006943,0.00044817,-0.00081264,-0.009882,-0.0010878,0.0018158,-0.0044559,6.5305e-05,-0.00057454,-0.0044172,0.0013374,-0.0025902,-0.0063643,-0.00060028,-0.0012962,-0.004345,-0.0016508,-0.0049758,-0.0069796,4.1313e-05,0.0041085,0.00072261,0.0012604,0.0042037,0.0023198,-0.00082668,-0.0015893,-0.00063281,-0.0010937,-0.0024854,-0.0018111,0.00034765,0.0028192,0.0018917,0.0026985,0.0026356,0.00056937,0.00064076,0.0030881,0.0024882,0.0020626,0.0017952,0.00094965,0.0009338,-0.0018136,-0.0023052,-0.0013024,-0.00015574,0.00046352,0.0014741,0.0034066,0.0030833,0.002868,0.0026999,0.0015588,0.0012676,0.0019242,0.0025867,0.0026506,0.0026109,0.0022651,0.0026208,0.0019406,0.0021402,0.0018268,0.00074857,0.00058374,0.00034439,0.0012418,0.00068859,-0.00015028,-0.00023403,0.0014429,0.001648,-8.6627e-05,-0.00021139,0.00096425,0.0010406,-0.00048722,-0.00012498,0.0020641,0.0022507,0.0014602,0.0015494,0.0017214,0.0013076,0.0011684,0.0011967,0.0010047,0.00084261,0.00084548,0.00088951,0.00078258,0.00063388,0.00056598,0.00048835,0.00035255,0.00025561,0.00019812,0.00014628
0,0,-8.073e-26,4.2492e-08,-3.7593e-07,1.4511e-06,-6.1734e-06,9.7168e-06,2.2613e-05,2.9143e-05,0.00025026,-4.368e-05,-0.00023361,2.7727e-05,0.00012208,9e-05,-0.0015486,-0.00079338,-0.00031041,-0.0012427,-0.0011899,-0.000564,-0.0013173,-0.0017029,-0.0018549,-0.0030024,-0.0023938,-0.000861,-0.0016478,-0.0015664,0.00037323,-0.0024979,-0.0014694,0.00123,-0.00052724,-0.00056335,-0.0020623,-0.0027271,-0.0021762,-0.0023991,-0.0042721,0.0031783,-0.00038637,0.045063,0.23689,0.16482,0.022053,0.22797,0.13761,-0.14992,-0.20461,-0.077724,-0.080391,-0.14803,0.031995,0.0033401,0.064108,0.044087,0.020146,0.086193,0.015161,-0.019175,-0.01343,-0.031201,-0.071842,-0.031846,0.015684,-0.051535,-0.044394,-0.048145,-0.020348,-0.028845,-0.066566,-0.030053,-0.0062798,-0.021062,-0.050441,-0.017766,0.00057624,-0.023817,-0.027121,-0.025015,-0.018302,-0.032864,-0.033276,-0.016545,-0.025464,-0.019426,-0.0059317,-0.0050663,-0.010706,-0.0097705,0.0047306,-0.00076239,-0.008721,-0.013294,-0.0011022,-0.0074446,-0.021533,-0.01428,-0.0039348,-0.0047819,-0.0046242,-0.0075751,-0.0034593,0.00015075,-0.0029126,-0.005778,-0.0022038,-0.0053364,-0.0075533,-0.0024418,-0.0083891,-0.0084203,-0.00028484,0.00039996,-0.0080431,-0.0072784,-0.0032347,-0.00025645,0.0004631,-0.0013256,0.0009939,0.0061539,0.0028783,-0.00041302,-0.00050143,-0.0030964,-0.0046446,-0.0054336,-0.0070989,-0.0046071,-0.0017153,-0.0010001,-0.00023218,-0.00020753,-0.002659,0.0013194,0.00088672,0.00019237,0.0017849,0.0043105,0.0021715,0.0013596,0.0003032,-0.0016563,-0.00068394,-0.00061527,-0.00048841,0.0014934,0.0044386,0.0036407,0.0037737,0.0046644,0.0043258,0.0040046,0.0031236,0.0034165,0.0020305,0.0013016,0.0011163,0.0014312,0.0018442,0.0020889,0.001048,0.0012714,0.0020763,0.0025964,0.0020203,0.0020584,0.0025572,0.0022528,0.0017852,0.00069665,0.00068053,0.00018806,-0.00067269,-0.00027282,0.0015477,0.0030388,0.0032121,0.0024594,0.0020324,0.0018074,0.0013162,0.0014056,0.0011401,0.0010192,0.0011342,0.0014432,0.0012814,0.00112,0.0010402,0.00093668,0.00076709,0.00056684,0.00048618,0.00040172,0.0003117,0.00023232
0,0,0,1.0039e-25,1.8482e-08,1.6423e-08,1.025e-07,-4.8517e-07,-8.5798e-06,-2.776e-05,-8.8787e-05,-9.0942e-05,-0.00037638,-0.00063871,-0.00026896,-0.00073893,-0.00086007,-0.00093526,-0.00099299,-0.0011361,-0.0014202,-0.00051446,-0.0018268,-0.0012546,-0.00083055,-0.0013665,-0.0015262,-0.00081262,-0.00083352,-0.0011975,-0.002852,-0.00046181,-0.0012329,-0.0028502,-0.00045576,-0.00070139,-0.00038908,-0.00031393,-0.0013299,-0.0016752,-0.001676,0.0018635,-0.0040141,0.084725,0.28385,0.12671,0.024856,0.27005,0.085463,-0.20965,-0.21239,-0.050384,-0.091978,-0.141,0.050916,-0.004552,0.078065,-0.0080519,0.01249,0.090381,-0.0076045,0.0051091,-0.0027701,-0.039607,-0.076867,-0.0087853,0.0089154,-0.067739,-0.020761,-0.04105,0.0075742,-0.026709,-0.08417,-0.031272,-0.0036698,-0.019823,-0.06157,-0.021135,-0.0097285,-0.016798,-0.024997,-0.037412,-0.0080535,-0.02166,-0.030128,-0.026997,-0.028811,-0.014513,-0.0082066,-0.0052601,-0.019257,-0.0084838,0.015146,0.00015037,-0.01116,-0.010607,0.0047224,-0.009552,-0.019662,-0.014947,-0.012039,-6.4418e-05,-0.012795,-0.010713,0.0048879,-7.6792e-05,-0.0029528,-0.0033228,-0.0010024,-0.0072276,-0.00040732,-0.0025363,-0.010456,-0.0068052,-0.0039625,-0.002843,-0.0070167,-0.009379,-0.0025075,0.0023721,-0.0012193,-0.00093242,0.0039703,0.0034295,0.00021774,-0.0019762,-0.0030846,-0.003818,-0.0032871,-0.0045787,-0.0026194,-0.0031251,-0.0036349,-0.0028039,-0.0031442,-0.0033035,-0.00079842,0.0017205,0.0010159,0.0023079,0.0043265,0.0015916,0.0016555,0.0012064,0.0011616,-0.0016722,-0.0010302,-0.0012452,-0.0012651,0.0005609,0.0012812,0.0025074,0.0025289,0.0039211,0.0041114,0.003993,0.0038252,0.0037662,0.0034653,0.0030205,0.0016649,0.00069914,0.00050906,0.00068088,0.00075177,0.0010321,0.0025917,0.003055,0.0020822,0.0021839,0.003264,0.0025098,0.00020142,-0.00094601,0.00048785,-0.00028939,-0.0012664,-0.00036085,0.0023881,0.0033327,0.0025714,0.001813,0.0018137,0.0012423,0.0010343,0.0013669,0.0010965,0.0010187,0.0013531,0.0017564,0.0014219,0.0012353,0.0011783,0.0011313,0.0008248,0.00059971,0.00056729,0.0004662,0.00035698,0.0002685
0,0,0,0,2.242e-11,4.5513e-09,1.4295e-07,-2.8671e-07,1.8663e-06,-1.7104e-05,-1.5342e-05,-0.00022633,2.4489e-05,-0.00020666,-0.00088472,-0.00043049,-0.00075804,-0.0010435,-0.0014801,-0.00078693,-0.00097523,-0.0023694,-0.0010151,-0.0011475,-0.0014276,-0.0014976,-0.0014001,-0.0015921,-0.0016364,-0.00088328,-0.0025777,-0.0010907,-0.0014969,-0.0027261,-0.0021325,-0.00073289,-0.00076256,-0.0015957,-0.003002,0.0022104,-0.0046619,0.052078,0.27991,0.19439,-0.0090158,0.22419,0.15475,-0.1928,-0.27587,-0.075392,-0.03898,-0.15375,0.041018,0.035668,0.04023,1.7271e-05,-0.023176,0.06538,-0.043289,-0.013872,0.041921,-0.018632,-0.078222,-0.0095694,0.029116,-0.052215,-0.040038,-0.040086,-0.013167,0.0055312,-0.039299,-0.02893,-0.036429,-0.026523,-0.03185,-0.034272,-0.037178,-0.035435,-0.014901,-0.0301,-0.029182,-0.018281,-0.012085,-0.013509,-0.031324,-0.024737,-0.01518,-0.0090495,-0.011738,-0.016115,0.0031187,0.006928,-0.0012214,-0.0070723,-0.0041114,-0.0030321,-0.0078414,-0.01103,-0.012384,-0.0035362,-0.0059879,-0.0048399,-0.0021632,-0.0038584,-0.00075471,0.0025995,0.00016695,-0.0055833,-0.0010108,0.00042039,-0.0042767,-0.0057976,-0.0059717,-0.0017674,-0.0028895,-0.0055534,-0.0072665,-0.0024316,0.0017903,0.0016389,0.0025773,0.0024341,0.0024426,0.001224,0.001124,0.0007947,-0.00039489,0.00017188,0.00052264,0.0017168,0.0013148,-0.00014908,-0.002482,-0.0023298,-0.0017426,-0.001901,-0.0007184,0.0015232,0.003575,0.0016347,-3.6298e-05,-4.1581e-05,6.9947e-05,-0.0013119,-0.0012365,-0.00058155,0.0003558,0.0010559,0.0025955,0.0034994,0.0034724,0.0050363,0.0051573,0.0044321,0.0025273,0.0023725,0.0035734,0.0034059,0.0016342,0.0012799,0.0020017,0.0013144,0.0018029,0.0028086,0.0044473,0.0036896,0.0023894,0.0029205,0.002173,0.00028542,-0.0027746,-0.0027308,-0.0019148,-0.0026187,-0.0019918,0.0010048,0.0031993,0.0030757,0.0023205,0.0019693,0.0015052,0.0010857,0.001237,0.0010308,0.0011294,0.0015258,0.0021731,0.0022812,0.0020105,0.0017221,0.0015394,0.0013451,0.0010448,0.00091762,0.00077455,0.00062314,0.00048774,0.00041439,0.00035594,0.00027547
0,0,0,0,0,2.82e-09,-1.2355e-09,3.6647e-07,-7.084e-07,-1.902e-06,-6.22e-06,-0.00016058,-7.1274e-05,-0.00022112,-0.00072516,-0.0006935,-0.0003733,-0.0015786,-0.0017837,-0.00096438,-0.0013971,-0.0015944,-0.0012752,-0.0011196,-0.0016504,-0.0017674,-0.0012918,-0.0016615,-0.0021977,-0.0013031,-0.00092226,-0.0013353,-0.0025552,-6.6286e-05,-0.0018992,-0.0025876,-0.0012196,0.00057895,-0.0048524,0.0054915,-0.0070721,0.10979,0.34961,0.12919,0.0070251,0.28104,0.059708,-0.28002,-0.29245,-0.016879,-0.080593,-0.11749,0.089089,0.021224,0.052589,-0.0391,-0.0050888,0.042357,-0.064247,-0.0059326,0.030362,-0.01896,-0.077946,0.015414,0.031723,-0.057562,-0.041019,-0.037825,-0.017401,-0.03455,-0.0062256,0.014727,-0.031666,-0.031114,-0.0309,-0.031618,-0.049655,-0.041771,-0.019347,-0.026467,-0.031116,-0.019245,-0.0017872,-0.012349,-0.024144,-0.016211,-0.017351,-0.017346,-0.014669,-0.0057594,0.0014024,-0.00088624,0.0013816,-0.0016915,-0.0042056,-0.003735,-0.0059441,-0.0076947,-0.0048741,-0.0063688,-0.0039134,0.002063,-0.0018408,-0.0046407,0.0016453,0.0014837,-0.001527,-0.0023415,-0.0012703,-0.0012092,-0.0029015,-0.0047366,-0.0036056,-0.0039974,-0.0029614,-0.0035391,-0.00521,-0.00034112,0.0050438,0.0047929,0.0013134,0.0032702,0.0042625,0.0034321,0.0025686,0.0017266,0.0028002,0.0026378,0.00011164,0.00031616,0.0024424,-7.2506e-06,-0.0027027,-0.0016734,-0.00071099,0.00027009,0.0024287,0.0057761,0.004035,0.0021545,0.0011326,-0.00012183,-0.0020676,-0.0025363,0.00089898,0.0014576,0.0023169,0.0023491,0.0045454,0.0055158,0.0039249,0.0045978,0.0047145,0.0045623,0.0037858,0.0037489,0.0037541,0.0037208,0.0035244,0.0036365,0.0032482,0.0018964,0.0028616,0.0041432,0.0054281,0.0036039,0.0030971,0.0031507,0.0010619,-0.00090465,-0.0017467,-0.001285,-0.0026137,-0.0028076,-0.00016733,0.0027068,0.0036078,0.0034527,0.0021901,0.0018846,0.0013055,0.0013662,0.0014765,0.00095347,0.0014402,0.0020309,0.0024636,0.0023744,0.0022267,0.0019601,0.0015781,0.0012833,0.0012114,0.0011102,0.00086267,0.0007087,0.00058445,0.00049374,0.00039533,0.00032694
0,0,0,0,0,0,6.3536e-09,3.1947e-08,-3.5001e-07,1.99e-06,-1.4028e-05,1.9243e-05,-6.9677e-06,-0.00025615,-6.4826e-05,-0.00046392,-0.0011067,-0.0018685,-0.00033166,-0.00035493,-0.0013252,-5.73e-05,-0.0012394,-0.0013275,-0.0021949,-0.0014465,-0.001094,-0.0020175,-0.00098056,-0.00085296,-0.00033182,-0.0015294,-0.0013102,-0.0026976,-0.00067097,-0.0035541,-0.00095085,-0.0036919,0.0037586,-0.0028577,0.063434,0.36383,0.23725,-0.045899,0.25779,0.15147,-0.28265,-0.37679,-0.07674,-0.010188,-0.15888,0.097116,0.054504,0.040932,-0.016675,-0.051586,0.05181,-0.08169,-0.014357,0.045181,-0.017825,-0.078781,-0.0071057,0.055209,-0.044472,-0.048153,-0.038892,-0.010971,-0.047158,-0.055943,0.042277,0.010624,-0.023765,-0.032157,-0.020399,-0.037899,-0.055824,-0.032035,-0.02984,-0.029824,-0.023395,-0.0064517,-0.0081857,-0.020753,-0.0098597,-0.0093626,-0.022627,-0.01751,-0.0054276,-0.00024828,-0.0076874,-0.0047602,-0.00033118,-0.00054668,-0.0040912,-0.010341,-0.0048699,-0.004114,-0.00536,-0.0032948,2.9285e-05,0.00072703,-0.00035196,0.0028245,-0.00013774,-0.0016642,-0.0011511,-0.0017693,-0.0041196,-0.0067713,-0.0049905,-0.0037567,-0.0037039,-0.0055873,-0.004937,-0.0055554,0.00031806,0.0037012,0.0010095,0.00029793,0.0028786,0.0030854,0.0020873,0.0026741,0.0012946,0.0030804,0.0053372,0.003732,0.0010459,0.00010872,-0.0016346,-0.0027183,-0.0028986,-0.0031748,-0.0011768,0.00083105,0.0031584,0.0036496,0.001488,0.0030574,0.0027601,-0.0012264,-0.0036751,-0.0010433,0.00074451,0.00085394,0.0037571,0.0039613,0.0050232,0.0057085,0.0042143,0.0033185,0.0020071,0.0012869,0.0026897,0.0024898,0.0012777,0.0018915,0.0040284,0.0041372,0.0030146,0.0034367,0.0045169,0.004866,0.0026764,0.0028733,0.0029128,0.0006474,-0.00069718,-0.0023287,-0.0021331,-0.0029878,-0.0042194,-0.001362,0.001875,0.0035091,0.0037197,0.0021645,0.0012951,0.0015851,0.0012669,0.0013719,0.00087437,0.0013453,0.0022958,0.0027161,0.002692,0.0025974,0.0022926,0.0016844,0.0013538,0.0011736,0.0012765,0.0010641,0.00084707,0.00073893,0.00061448,0.00050995,0.00038115,0.00032275
0,0,0,0,0,0,0,-1.2929e-08,2.7734e-07,-5.7334e-07,2.483e-07,1.1399e-06,-9.3002e-05,-2.4809e-05,0.00031838,0.00022813,-0.0004879,-0.00022852,-0.0016937,-0.0037815,-0.0030823,-0.00034894,-0.0003236,-0.00061598,0.00089289,0.0007872,-0.00075632,-0.0010343,-0.0016084,-0.0012838,-0.0012368,-0.00087722,0.00073785,-0.00062456,-0.00029595,-0.00073265,-0.00052683,-0.0016052,0.00067553,0.025288,0.33808,0.35762,-0.051006,0.19806,0.24972,-0.25689,-0.44325,-0.18904,0.049092,-0.18097,0.07868,0.097307,0.047111,0.0071367,-0.083533,0.060515,-0.087393,-0.074555,0.077506,0.014079,-0.083512,-0.042783,0.070176,-0.033379,-0.056411,-0.0425,-0.013446,-0.015864,-0.088335,0.011377,0.041821,-0.0064725,-0.032641,-0.024739,-0.017011,-0.046739,-0.031977,-0.037882,-0.038552,-0.017614,-0.0087755,-0.0080147,-0.022093,-0.012477,-0.0047165,-0.017685,-0.018071,-0.013612,0.0045755,-0.0029719,-0.0078365,-0.0063166,-0.0021438,-0.0037465,-0.010685,-0.0087324,-0.0040925,0.0030562,0.00079311,-0.0024893,-5.5765e-05,0.002526,0.0063698,0.00040541,-0.0029211,-0.0030921,-0.0011916,-0.0081172,-0.011104,-0.0056791,-0.004799,-0.0021208,-0.0046986,-0.005879,-0.0041586,0.0052891,0.0058641,-0.00079892,-0.0018728,0.00044126,0.0035997,0.003084,0.00013239,0.0020964,0.0045353,0.006227,0.0038464,0.0025596,0.0037526,-0.002613,-0.0061509,-0.0037164,-0.0025167,-0.00025119,0.00067944,0.0019803,0.001739,0.0024671,0.0030466,0.0015378,-0.0026451,-0.0030722,-0.00052067,-0.0013827,-0.0028967,-0.0012165,0.0023728,0.0053428,0.0056739,0.0060863,0.0047575,0.0035032,-2.1382e-05,0.00027471,0.002596,0.0016459,0.0020147,0.0035367,0.0039624,0.003412,0.0049147,0.0079638,0.0058549,0.0036858,0.0029053,0.0025149,-0.00029728,-0.0018586,-0.0014071,-0.0043195,-0.0064552,-0.0023414,0.0026792,0.0036884,0.0030111,0.0021133,0.0015332,-0.00016897,0.00056888,0.00090614,-0.00025252,0.00081139,0.0018125,0.0028375,0.0027146,0.0024964,0.0025981,0.0023889,0.001777,0.0013526,0.0015584,0.0015008,0.0012227,0.0010649,0.00098733,0.0008176,0.00066331,0.00048715,0.00033358,0.00030718
0,0,0,0,0,0,0,0,-5.2775e-10,4.7071e-08,-1.42e-07,1.3458e-06,-5.4976e-06,-1.3343e-07,-7.4785e-05,-0.000192,-0.00010291,-0.00076012,-0.00051894,-0.00075465,-0.00042606,-0.0009113,-0.0017052,-0.00033758,-0.0015589,-0.0018922,-0.0016471,-0.0018952,-0.00058971,-0.0027705,-0.00022858,-0.0019276,0.00056842,-0.0023941,-0.0015291,-0.0039108,0.0073464,-0.013113,0.16798,0.49037,0.1094,-0.0050008,0.36439,-0.060279,-0.4471,-0.42368,0.017727,-0.053044,-0.10024,0.20153,0.07421,0.060029,-0.11826,0.027565,-0.015055,-0.20407,0.014837,0.10808,-0.041893,-0.072598,0.02785,0.044801,-0.069411,-0.084397,-0.0055444,0.022128,-0.08247,-0.046601,0.02862,0.0071013,-0.0083191,-0.026536,-0.026058,-0.033737,-0.037219,-0.010334,-0.042326,-0.039439,0.0069806,0.0092853,-0.017103,-0.033942,-0.0042076,-0.00095781,-0.024062,-0.017685,-0.0039844,0.0087882,-0.007458,-0.0039684,-0.0088993,-0.00058145,0.0017178,-0.0034345,-0.010576,-0.0056078,0.00015439,0.00061456,-0.0062567,-0.0026167,0.011995,0.011979,-0.0025482,-0.0017877,0.0060532,-0.0006976,-0.0065995,-0.0038813,-0.0061401,-0.0062562,-0.0040896,-0.0078685,-0.011873,-0.00011036,0.012755,0.0067671,-0.00087522,0.0021693,0.01181,0.005518,-0.00093936,0.0051015,0.0071879,0.0041989,0.0049992,0.0067138,0.00036581,-0.00021762,-0.0016477,-0.0051856,-0.0079141,-0.002796,0.0029039,0.0022661,-0.00061956,0.0002319,0.0049708,0.0031363,0.00025245,-0.0015561,-0.00061227,-0.00073077,-0.0029882,0.0010362,0.0024064,0.003155,0.0069983,0.0073891,0.0039803,0.0025928,0.0043004,0.0017756,-0.0027313,-0.0025484,0.0016502,0.0019086,0.0021077,0.004713,0.0074822,0.0072846,0.0064527,0.005068,0.0022077,-0.00038357,-0.0032828,-0.00496,-0.006821,-0.0077084,-0.0080877,-0.00027377,0.004164,0.0043542,0.0036727,0.00097003,0.0014952,-0.00028515,0.00014354,-0.00041941,0.00053083,0.001193,0.0019613,0.0028942,0.0024334,0.002771,0.0026857,0.0026506,0.0020045,0.0017922,0.0019738,0.0016806,0.0011394,0.00089502,0.0012198,0.0010267,0.00081846,0.00051853,0.00033459,0.0002416,0.00020194,0.00026266
0,0,0,0,0,0,0,0,0,-7.0801e-09,3.5891e-08,2.1416e-07,-1.7796e-06,1.1508e-05,-3.3361e-05,-1.6505e-05,0.00018198,-0.00074945,-0.00041601,-0.0013716,-0.00090149,-0.00098592,-0.0022723,-0.000994,-0.00091853,-0.00042527,-0.0016541,-0.00094845,-0.00070611,-0.0026889,5.2953e-05,-0.0026035,0.00074344,-0.0046612,0.0014377,-0.0074225,0.010117,-0.011106,0.29198,0.55336,-0.0089097,0.094841,0.40986,-0.25528,-0.58433,-0.3621,0.079552,-0.1825,0.083423,0.17028,0.054332,0.065535,-0.15239,0.081945,-0.067629,-0.20926,0.052775,0.092943,-0.052073,-0.053937,0.093429,0.00054591,-0.07806,-0.098378,-0.049096,0.02174,-0.092512,-0.043219,0.029791,0.010157,0.0060367,-0.014159,-0.032154,-0.061084,-0.019046,-0.014182,-0.032151,-0.022318,-0.0058108,0.016479,-0.020316,-0.032146,0.0028627,-0.0028326,-0.01397,-0.024732,-0.012575,-0.004175,0.0039973,-0.0079808,-0.018224,0.0024326,-0.004139,-0.008361,-0.016898,-0.0070514,0.0028099,0.0021779,-0.0070051,0.00017922,0.011245,0.0047005,-0.0014932,-0.0020793,-0.0065252,-0.0038724,-0.0020998,-0.0083686,-0.0097006,-0.0026425,-0.0082692,-0.014628,-0.0053602,0.0039415,0.0071602,0.0031278,-0.00049701,0.0042403,0.0066513,0.001414,-0.0024377,-0.00203,-0.0018285,0.0032714,0.0044822,0.0015341,0.0029754,0.0023299,-0.0024087,-0.0034318,-0.0039748,0.00069753,0.0035252,0.00097363,-0.0024753,0.0017739,0.0050528,-0.00097368,-0.00054062,0.00086907,-0.00075119,-0.0027658,0.0011867,0.0023548,-0.00034998,0.0013113,0.0051186,0.0051909,0.0017112,0.0039411,0.0048096,0.002693,-0.00015732,0.0028033,0.0049376,0.00071332,0.0015003,0.0055233,0.0072334,0.0051846,0.0043778,0.003666,0.00093195,-0.0032324,-0.0032158,-0.0058358,-0.0077919,-0.0084798,0.0012791,0.0069174,0.0052931,0.0056408,0.0014078,0.0017015,-1.9913e-05,0.00087846,-0.00026893,0.00064111,0.0015593,0.0013202,0.0031863,0.0019929,0.0027938,0.0029852,0.0026126,0.0025884,0.0025252,0.0023763,0.0019965,0.0016621,0.0011178,0.0012574,0.0018251,0.0015124,0.00081776,0.00054569,0.00036219,0.00023009,3.3096e-05,0.00016952
0,0,0,0,0,0,0,0,0,0,3.8801e-08,-1.8614e-07,6.792e-07,-1.1025e-06,-1.5048e-05,2.2747e-05,-0.00013614,-0.00024692,-0.00023744,-0.00053514,0.00028261,-0.0021274,-0.00059041,-0.0011814,-0.0018708,-0.0019696,-0.0014985,-0.00060735,-0.0033563,-0.0010854,-0.0021594,-0.00084075,-0.0020755,-0.0021867,-0.0036626,0.0065883,-0.010193,0.11548,0.61029,0.25985,-0.1354,0.47779,0.031037,-0.62315,-0.55883,-0.026324,-0.039685,-0.15444,0.32567,-0.00063691,0.16051,-0.14962,0.0066535,0.070846,-0.27524,-0.055127,0.13321,-0.003426,-0.09257,0.072017,0.077691,-0.091862,-0.078016,-0.11,0.017819,-0.052743,-0.087764,0.010111,0.0048495,0.009601,-0.0025703,-0.004329,-0.062941,-0.051097,0.0053818,-0.02087,-0.018451,-0.0070992,0.018718,-0.0083692,-0.029985,-0.014904,0.0084007,-0.0037216,-0.027115,-0.024112,0.0029984,-0.0068721,-0.0028,-0.017121,-0.0039192,-0.0056103,0.0022294,-0.01314,-0.011569,-5.4609e-05,-0.001394,-0.0021006,-0.0087134,0.0041947,0.0095236,0.0017556,-0.0019928,-0.0032523,-0.0016645,-0.00050576,-0.0043623,-0.0083407,-0.0060007,-0.0037038,-0.013064,-0.0048,0.004252,0.0022196,0.0041324,0.0045979,0.00016624,0.0042984,0.0052317,-0.0029008,-0.0040923,-0.0011571,0.003391,0.0041692,0.0027252,0.0016564,0.0037064,-0.0032476,-0.0050689,-0.0019264,-0.0014076,-0.00012084,0.001655,0.0012575,0.0019686,0.0075881,0.0025338,-0.00081421,0.00067458,-8.8851e-05,-0.0022356,0.0031335,0.0037122,0.0016629,0.0036131,0.004746,0.0039238,0.0035019,0.0025945,0.0033686,0.002622,-0.00094252,0.001932,0.0046288,0.0014385,0.0021706,0.0041055,0.0064089,0.0057206,0.0050279,0.0033751,0.0029688,0.00049089,-0.00026729,-0.00027527,-0.0057977,-0.0068136,-0.0067988,0.0013514,0.0046712,0.0061797,0.0055744,0.0016176,0.0023918,9.0081e-05,0.001805,-0.00022387,0.0010731,0.0010409,0.0020752,0.0034751,0.0022395,0.0033363,0.0034288,0.0028906,0.0025431,0.0024032,0.0024519,0.0021147,0.0016226,0.0010561,0.0018553,0.0020026,0.0011823,0.00081324,0.00040493,0.00027712,6.2225e-05,5.7729e-05,0.00031896
0,0,0,0,0,0,0,0,0,0,1.4484e-24,1.1889e-07,-4.2133e-07,1.4674e-06,-7.2592e-06,-3.2752e-05,3.4174e-05,-0.00032159,0.00034417,-0.00076228,-0.00055216,-0.00062702,-0.0015038,-0.00094353,-0.0012659,0.00034732,-0.0028167,-0.00011335,-0.0020879,-0.00072138,-0.0025675,-0.00031121,-0.0059064,0.0073259,-0.006884,0.073151,0.62965,0.38893,-0.20489,0.48065,0.16484,-0.70259,-0.68228,-0.040386,-0.0029131,-0.19266,0.3368,0.051846,0.12537,-0.10418,-0.06773,0.19209,-0.33214,-0.12733,0.14785,0.023886,-0.11207,0.074984,0.13507,-0.072344,-0.10899,-0.11951,0.0058277,-0.043379,-0.11922,0.0074957,-0.018886,-0.002003,0.026825,0.014903,-0.057975,-0.060949,0.0071388,-0.023611,-0.029882,-0.010099,0.024126,0.017458,-0.036118,-0.010477,0.018357,0.0016007,-0.020767,-0.023173,-0.0082552,-0.011474,-0.0018647,-0.015868,-0.010386,-0.0014569,0.0017288,-0.0034911,-0.016914,-0.0045125,0.0023254,0.0036421,-0.010355,-0.00081229,0.0089043,0.005791,-0.0027899,-0.0067966,-0.0032789,-0.0010362,-0.0068791,-0.011614,-0.0099067,-0.0028695,0.0012137,0.0038687,0.0037574,0.0030562,0.005918,0.0047661,0.0023869,4.8417e-05,0.0038404,0.0026712,-0.0026993,0.00017843,0.0022219,0.0014582,0.00076569,-0.0019482,-0.0038325,-0.0015801,0.00090658,-0.00070218,0.00030139,0.0025091,0.0037462,0.0022485,0.00013969,0.004573,0.00041545,-0.0024094,0.0005514,0.0015498,0.0012877,0.0024204,0.0064554,0.0036146,0.0014973,0.0031901,0.0032341,0.00065964,-0.00066656,0.0029529,0.0044329,0.001982,0.0036193,0.0070304,0.0028752,0.0015313,0.0043573,0.0053896,0.0034654,0.0029898,0.0028365,0.0014736,0.00012652,0.0012888,-0.0011581,-0.0065647,-0.0080981,-0.0051836,0.0051022,0.005686,0.0060833,0.0039478,0.0010181,0.001737,-0.0001892,0.00071915,-0.00093481,0.0015941,0.0011027,0.0015617,0.0032152,0.0022201,0.0034453,0.0028214,0.0029151,0.0033133,0.0029259,0.0024735,0.0018361,0.001123,0.00091326,0.0017576,0.0023286,0.0016091,0.0010308,0.00051021,0.00034058,-2.0781e-05,-0.0002252,0.00033557,0.00030138,0.0004337
0,0,0,0,0,0,0,0,0,0,7.0101e-10,1.2705e-07,-7.0582e-07,3.0918e-06,-1.6231e-05,1.2658e-05,-5.6528e-05,-4.1006e-05,7.5707e-05,-0.00066816,-0.00022067,-0.00082055,-0.0017944,-0.0010387,-0.001022,4.8476e-05,-0.0028244,-0.00030095,-0.0019203,-0.00098453,-0.0025273,-0.0011782,-0.0059774,0.012861,-0.020598,0.16703,0.77051,0.20748,-0.19106,0.64323,-0.057205,-0.90407,-0.59679,0.090254,-0.062783,-0.13755,0.41355,-0.042887,0.18924,-0.24681,0.081004,0.12247,-0.40381,-0.033557,0.17837,-0.034343,-0.096306,0.1223,0.11376,-0.11126,-0.12759,-0.11973,0.049978,-0.092278,-0.12108,0.024541,-0.039865,0.0028438,0.064,0.0019451,-0.093255,-0.036817,0.031024,-0.036974,-0.032653,-0.016431,0.053966,0.019429,-0.048746,0.0040625,0.029944,-0.0011797,-0.024512,-0.02261,-0.01237,-0.010552,0.0084347,-0.022931,-0.0031538,0.0011775,0.0088319,-0.0070421,-0.021543,-0.0059599,0.0035993,1.5449e-05,-0.015591,0.0039312,0.0080707,0.0064968,0.00037728,-0.0070788,-0.0034544,0.0069165,-0.0032633,-0.010437,-0.008942,-0.0030584,0.00025367,0.0033482,0.00027755,0.0055147,0.0075692,0.00041019,-0.0005667,0.003321,0.0022954,5.8987e-05,-0.0013569,0.0024795,0.0054732,0.00072475,0.00098585,-0.00013588,-0.0047903,-0.0026533,0.0022088,-0.0034419,-0.0021579,0.0017366,0.0023704,0.0012473,-0.0013516,0.006052,0.0012687,0.0001587,0.0023959,0.0049599,0.0017432,0.002809,0.0044376,0.0028681,0.0029772,0.0039363,0.0035906,0.0015899,0.00052683,0.0033068,0.0029132,-0.00044825,0.0030074,0.0067983,0.001933,0.0010748,0.005341,0.0038104,0.0037264,0.0059963,0.0030989,0.0015946,-0.0015065,-0.00046842,0.0026464,-0.0046479,-0.0088468,-0.0078064,-0.0027336,0.0044055,0.0058912,0.0068433,0.0031836,0.0014295,-0.0004383,0.00036666,-0.0010497,-0.0023563,0.0021065,0.0021619,0.0031346,0.0030998,0.0030352,0.0032394,0.0029287,0.0019898,0.0015899,0.0022768,0.0013803,0.00076585,0.00040388,0.0017548,0.0026872,0.0014051,0.00083722,0.00022763,0.00011345,-0.00038351,-0.00024521,0.00028939,0.00028536,0.00054742
0,0,0,0,0,0,0,0,0,3.8403e-10,9.1946e-08,-3.3854e-07,1.5921e-06,-8.0151e-06,-1.168e-05,-4.0345e-05,-0.00020628,5.4797e-05,-0.00065596,-0.00070051,-0.00058498,-0.001559,-0.00055976,-0.0015999,0.00093388,-0.001963,-0.0010412,-0.001125,-0.0014774,-0.0018364,-0.0024551,-0.0043964,0.0061887,-0.003375,0.063418,0.73891,0.47942,-0.31586,0.56741,0.22138,-0.93453,-0.78377,-0.017669,0.093997,-0.22584,0.43405,-0.023931,0.18307,-0.20407,-0.053038,0.27199,-0.41578,-0.13095,0.20209,0.010344,-0.11548,0.11263,0.14064,-0.073236,-0.12791,-0.1885,0.040034,-0.039429,-0.1737,0.022006,-0.011639,-0.071163,0.091497,0.080831,-0.13463,-0.069499,0.058532,-0.02026,-0.047614,-0.027236,0.045865,0.060351,-0.05559,-0.018285,0.050015,0.0066711,-0.018952,-0.018637,-0.024783,-0.021135,0.018558,-0.017504,-0.013867,0.00042628,0.011585,0.009679,-0.02877,-0.0092249,0.0096701,0.011405,-0.021786,-0.0060201,0.0075378,0.0084427,0.0018999,-0.0098597,-0.0079383,0.011437,0.005442,-0.008087,-0.010153,-0.0020679,-0.0020684,0.0013451,-0.0021662,0.0032159,0.012661,0.0076322,0.00017583,0.0035912,0.0041993,0.0027878,0.00056488,-0.0020367,0.0023052,0.0056294,0.0027148,-0.0016401,-0.0047613,-0.0021639,0.0028384,-0.0013157,-0.0054825,0.0019537,0.0025415,0.0013545,0.00030009,0.0070829,0.0045699,0.0035514,0.0039915,0.005742,0.0046329,0.0038925,0.0053293,0.000757,0.0010954,0.0056241,0.0061266,0.0035992,0.0025681,0.0055655,0.0052356,0.0010377,0.0026103,0.0053906,0.0014996,0.0013142,0.0039694,0.0039167,0.0021344,0.0068073,0.0073572,0.0032504,0.00088544,0.00010025,0.0031747,0.00016995,-0.0071336,-0.008227,-0.0046784,-0.00059774,0.006301,0.0066413,0.0057206,0.0027525,0.00040854,0.00076745,0.00019337,0.00032999,0.00061063,0.0034148,0.0033629,0.0038009,0.0047451,0.003427,0.0036892,0.0027232,0.0014309,0.0018531,0.0017368,0.0010272,0.00083394,0.001802,0.0027335,0.0016944,0.001005,0.00043184,0.00021547,-0.00017747,-0.0002906,0.00025631,0.00039027,0.00046869,0.00066406
0,0,0,0,0,0,0,0,-1.3191e-10,9.0657e-10,1.5206e-07,-7.6973e-07,4.632e-06,-2.5783e-05,3.9091e-05,-0.00023015,0.00017918,-0.00035288,-0.001685,-0.0011872,-0.0022119,-0.0016337,-0.0024389,-0.00020536,-8.1923e-05,-0.0027656,-0.0010912,-0.0021488,0.00032032,-0.0034971,-0.0010073,-0.0025517,0.019461,-0.024506,0.4456,0.84772,-0.18031,0.13151,0.63735,-0.64792,-0.99739,-0.37821,0.29713,-0.22181,0.22394,0.24697,-0.005857,-0.011321,-0.26197,0.40292,-0.29769,-0.35144,0.16025,0.093514,-0.071327,0.008315,0.19969,0.0052809,-0.13182,-0.19823,-0.075606,0.043018,-0.16185,-0.037671,0.023933,-0.08748,-0.030288,0.21325,-0.051099,-0.18104,-0.00082938,0.053145,-0.038199,-0.056023,0.029901,0.094427,-0.0011376,-0.052575,0.029894,0.019666,-0.014489,-0.016398,-0.022868,-0.039686,-0.023635,0.023547,-0.010644,-0.0076054,0.0049093,0.035617,-0.0032883,-0.022985,-0.0067341,0.017469,-0.00079636,-0.018829,-0.0035476,0.012554,0.0061852,0.00087894,-0.011934,-0.0011942,0.0002182,0.0040305,-0.007549,-0.0085842,0.0092842,0.018062,0.0018205,-0.0014884,0.012515,0.008575,0.002045,0.00033668,-0.000942,-0.0030843,0.0061763,0.010971,0.0037982,-0.0023684,0.0051166,0.005052,-0.013819,-0.009685,0.0018767,0.0070108,-0.0021847,-0.001897,0.010464,0.0079003,0.0034792,0.010213,0.019321,0.018243,0.016237,0.017571,0.014106,0.00039418,-0.013525,-0.010137,-0.013805,-0.013652,-0.0045807,0.0010926,-0.0032767,-0.0019223,0.0071806,0.004603,0.0013978,-0.00012142,0.0036465,0.00011906,-0.0024884,0.00053704,0.00096544,-0.0022991,0.0024359,0.0056616,0.0031001,0.0076414,0.011613,0.010714,0.002587,-0.0068438,-0.011558,-0.014858,-0.010423,-0.0044262,-0.0024908,0.00020625,0.0027927,0.0043353,0.0044233,0.002917,0.00015402,8.7551e-05,0.0006134,0.00037678,0.0029719,0.0019186,0.0014513,0.0025164,0.0022777,0.001991,0.0029278,0.0034407,0.0030623,0.0024311,0.0025006,0.0021222,0.0016568,0.00097207,0.00018498,-6.3865e-05,-0.00027547,-3.6059e-05,0.0003523,0.00058943,0.00055114,0.00062658
0,0,0,0,0,0,0,-8.2404e-11,9.6665e-08,-3.6225e-07,1.3003e-06,-6.8477e-06,-1.3954e-05,-3.4874e-05,3.3169e-06,-2.6621e-05,-0.00068058,-0.00012562,-0.00027731,-0.0021186,-0.00048171,-0.00033241,-0.00073303,-0.0025456,-0.00042568,-0.00079744,-0.0028722,0.00019422,-0.0032295,-0.0040303,0.003741,0.0019791,0.067137,0.79115,0.60428,-0.34303,0.61239,0.21104,-1.1696,-0.88917,0.050061,0.12267,-0.092426,0.44967,-0.025528,0.15205,-0.33893,0.017481,0.28671,-0.48089,-0.1577,0.24092,0.0059501,-0.15679,0.2216,0.25879,-0.18678,-0.078899,-0.26792,-0.027308,-0.038219,-0.13658,-0.035071,0.05708,-0.059477,-0.064598,0.2624,-0.070967,-0.20112,0.037549,-0.0055013,-0.025956,-0.036674,0.027694,0.0498,0.028236,-0.040676,0.0035309,0.069018,-0.047221,-0.0026706,-0.0033307,-0.043379,-0.010378,0.020111,-0.010873,-0.020371,0.0050836,0.018051,0.0050019,-0.016189,-0.018021,0.033006,0.0015541,-0.025784,0.00019757,0.0070192,-0.0039146,-0.0053965,-0.010002,-0.0077385,-0.00038617,0.00094286,-0.013029,0.0046724,0.0097401,0.017759,0.0017775,-0.0062193,0.0013707,0.008715,0.0030628,-0.0027638,-0.0042142,0.0032794,0.0096785,0.0063406,0.00082228,0.0029112,0.0028499,-0.00087232,-0.010637,-0.0049227,0.005001,0.010422,0.00079506,-0.00046122,0.0022956,0.00035171,-0.0055216,-0.0061014,0.00054326,0.0012018,0.004603,0.0068482,0.008654,0.0080172,0.00644,0.00459,-0.0020831,-0.0025515,0.0042781,0.0070274,-0.00013907,0.003887,0.009143,0.0060394,0.0024399,0.0042232,0.0032638,0.0029479,0.002183,0.0016603,0.0022056,0.0024025,0.0015601,0.003629,0.0025291,0.0017284,0.003549,0.0016606,-0.0010317,0.0019214,0.0031814,0.001425,0.0006907,0.0016664,0.0013261,0.0016351,0.0025697,0.00093793,0.001957,0.0027036,0.0020491,0.0025313,0.0025966,0.0026985,0.0024346,0.0029946,0.0025648,0.0033074,0.0031963,0.0026558,0.003411,0.0027441,0.002396,0.0019589,0.0019836,0.0022149,0.0022294,0.00099246,-9.8682e-05,-0.00041378,-0.00054832,4.0061e-05,0.00049106,0.0006331,0.00056997,0.00056601,0.0003862
0,0,0,0,0,0,-2.0652e-10,3.7621e-08,1.9196e-07,-1.111e-06,4.3817e-06,-4.198e-05,-2.8813e-05,-5.8181e-05,-9.8902e-05,-0.00074955,-0.00037192,0.00047565,-0.001669,-0.0016843,-0.00019706,0.00014955,-0.003263,-0.0010126,0.00027029,-0.003081,-0.00021011,-0.0034956,-0.0018993,-0.0028748,0.012915,0.011326,0.68651,0.82095,-0.29515,0.44633,0.42606,-1.155,-1.0811,-0.078746,0.24877,-0.049411,0.3713,0.095257,0.1608,-0.3575,-0.1093,0.3557,-0.44331,-0.26641,0.23977,0.080616,-0.15252,0.17628,0.36265,-0.17678,-0.1814,-0.22298,-0.092553,-0.024808,-0.1374,-0.056589,0.051888,0.0050663,-0.11077,0.28628,0.015591,-0.28107,0.0066057,0.026517,-0.043446,-0.034789,0.023459,0.067191,0.014092,-0.024828,-0.011534,0.080248,-0.03972,-0.022027,0.015393,-0.045409,-0.02087,0.029291,-0.001263,-0.025097,-0.0027182,0.025288,0.0023527,-0.010956,-0.023207,0.032439,0.015167,-0.026649,-0.0003985,0.0093764,-0.0070613,-0.012233,-0.0063413,-0.0038986,-0.0064859,0.0012903,-0.0094644,0.0016869,0.0091847,0.017274,0.003023,-0.0067905,0.0067962,0.0087801,0.0058126,-0.00065752,-0.0059626,0.0003087,0.0080804,0.0067181,-0.00019504,0.00076249,0.00062532,-0.0013995,-0.0090905,-0.0054564,0.0038936,0.0093328,0.0021559,-0.0019493,0.0040504,0.0029814,-0.0056361,-0.0057315,0.0017344,0.001256,0.0011597,0.0064089,0.010277,0.0083832,0.0053598,0.0069179,0.0006637,-0.0040095,0.00058628,0.0072716,0.0029628,0.0021395,0.0082986,0.0097999,0.0043651,0.0028528,0.0045299,0.0036487,0.00062998,0.00097791,0.0039297,0.0018662,-0.00032034,0.0017536,0.0030984,0.0026037,0.0028123,0.0027663,0.00046744,-0.00043362,0.0015491,0.0016958,0.00095603,0.0016465,0.0021005,0.0012463,0.0015516,0.0015989,0.0031166,0.0035402,0.0016067,0.0023313,0.0027836,0.002957,0.0027718,0.0033063,0.0042298,0.005417,0.0054993,0.0024917,0.0014405,0.00050394,0.00089065,0.0013048,0.0019382,0.0019391,0.0014571,0.00066552,-3.5724e-05,5.7057e-05,-0.00021348,-6.3678e-05,0.00027321,0.00047549,0.00046231,0.00053523,0.0004548,0.00022544
0,0,0,0,0,-9.8075e-11,-6.4171e-08,8.0243e-07,-3.2065e-06,1.2829e-05,-3.6762e-05,-6.625e-05,-1.2251e-05,-6.3757e-06,-0.00052098,-0.0009958,7.082e-05,-0.0015271,-0.0020916,-0.00043672,-0.00057091,-0.0010764,-0.0026252,0.0002219,-0.0023691,-0.0011625,-0.0019598,-0.0031712,-0.0045872,0.010604,-0.013711,0.27879,1.0023,0.19858,-0.061891,0.7712,-0.61156,-1.2937,-0.59971,0.22942,0.090302,0.2516,0.16627,0.17676,-0.063539,-0.41208,0.34026,-0.17479,-0.4348,0.034233,0.1638,-0.033662,-0.015651,0.41681,0.07277,-0.24425,-0.23949,-0.16187,-0.012194,-0.15321,-0.065152,-0.01422,0.09011,-0.09773,0.16573,0.12159,-0.21412,-0.050983,0.00095167,-0.065197,-0.01933,0.0020058,0.060238,0.010855,-0.0018457,-0.012754,0.068141,-0.0081105,-0.036769,0.023695,-0.02685,-0.025622,0.017204,-0.00030887,-0.011987,-0.012966,0.010502,0.0033806,-0.00043167,-0.01019,0.010653,0.021982,-0.025237,0.0036722,0.010853,-0.0080514,-0.0084006,-0.0097439,-0.0021739,-0.0054058,0.00092184,-0.0034117,-0.0045279,0.0046693,0.012909,0.01501,-0.006993,-0.00022892,0.0046409,0.00232,0.00049094,0.0023036,-0.0041753,-0.00086865,0.004929,0.0033689,0.0017943,0.0018382,0.0025916,0.00083434,-0.0078389,-0.0027778,0.0066662,0.0050343,-0.0027353,0.0031418,0.0016001,-0.0021584,-0.0048686,-6.2153e-05,-0.0012903,-0.0014517,0.0024541,0.0066123,0.0057426,0.0040325,0.0071183,0.0034915,-0.0037576,-0.00039598,0.0056033,0.0027618,0.0012219,0.0054342,0.0073008,0.0036509,0.0034973,0.0046723,0.0043127,0.0033797,0.0023593,0.0044118,0.001289,-1.7078e-05,0.001013,0.0016991,-0.00015535,5.685e-06,0.002595,0.0012814,0.0006693,0.0011884,0.0017096,-3.8169e-05,-0.0010932,0.0015779,0.0005771,0.0011245,0.0021127,0.0039321,0.0057349,0.0052732,0.0024699,-0.00062925,-0.002626,-0.0021982,-0.00012575,0.0014383,0.0030614,0.0040603,0.0030896,0.0027939,0.0031143,0.0025503,0.0015318,0.0010072,0.0010398,0.00088741,0.00088098,0.00045056,0.00019486,1.0482e-05,-5.623e-06,0.00012964,0.00038627,0.00050268,0.00041134,0.00039875,0.0001824,0.00012833
0,0,0,0,-1.522e-11,-6.9822e-08,8.8794e-07,-3.5285e-06,1.4076e-05,-4.0902e-05,-7.8581e-05,-8.2756e-06,-0.00016156,-0.00030013,-0.00072856,-0.00036156,-0.00085657,-0.0019032,-0.00068372,-0.00072882,-0.00096311,-0.0026758,-0.00057807,-0.0027556,-0.00098275,-0.0016448,-0.0031737,-0.0046865,0.0078585,-0.010075,0.22022,0.98859,0.34613,-0.042195,0.75444,-0.61996,-1.2957,-0.65914,0.11229,0.18916,0.27354,0.14568,0.20428,-0.072654,-0.36915,0.33586,-0.20639,-0.43665,-0.0066931,0.092627,-0.0037134,0.062447,0.37759,0.092233,-0.1957,-0.29886,-0.16763,0.018074,-0.22048,-0.059137,0.047548,-0.014811,-0.015084,0.2763,-0.095914,-0.13615,0.061064,-0.08638,-0.081208,-0.0093806,0.016253,0.057298,-0.0018594,-0.032951,0.040487,0.064875,-0.057318,0.011615,0.00093544,-0.029695,0.0059436,0.0057461,-0.020948,0.00028943,0.0097451,-0.0069167,-0.0017485,-0.0069463,0.0051484,0.022777,-0.0036431,-0.01995,0.020198,0.008743,-0.010295,-0.010633,-0.0091462,-0.00085126,0.0021556,-0.0011057,0.0019185,-3.8399e-05,0.0018023,0.011482,0.0093181,-0.007888,0.0099029,0.0011944,-0.0062859,-0.0014225,0.0096343,-0.0019808,-0.0050802,0.0058653,0.0068185,0.0041364,-0.00052045,0.00021289,0.0037817,-0.0046254,-0.0050545,0.0037644,0.0054431,-0.0038364,0.0057925,0.0029969,-0.0045961,-0.0072762,0.0023284,0.0011745,-0.0012877,0.002626,0.009025,0.006251,0.0020806,0.0060342,0.0059948,0.0014123,-0.0018941,0.0027183,0.003898,0.0017413,0.0037737,0.0048684,0.0045153,0.0031532,0.0057371,0.0053732,0.0043326,0.0035598,0.0051042,0.002847,-0.00037177,-0.00017988,0.0013117,0.00087939,0.0013191,0.0022492,0.0028312,0.004083,0.0063343,0.0080627,0.0053033,-0.0013434,-0.0047675,-0.0055297,-0.0028598,2.2609e-05,0.0023215,0.0040257,0.00315,0.0020528,0.0022024,0.0022922,0.0009011,0.00019018,0.0010387,0.0019377,0.0035294,0.0035865,0.0039009,0.0035415,0.002817,0.0020168,0.0011635,0.0017111,0.0014343,0.001078,0.00043712,0.0001024,-0.00035435,-6.5836e-05,0.00023522,0.00035058,0.00055678,0.0004758,0.00038046,0.00017553,0.00018624,9.4301e-05
0,0,0,0,-1.1358e-08,3.1738e-07,-1.0775e-06,3.3002e-06,-1.3004e-05,-6.7288e-05,-1.2047e-05,-6.8761e-05,-0.00025426,-0.00044924,-0.00037057,-0.00067172,-0.0016307,-0.0010414,-0.0006764,-0.00099694,-0.0014513,-0.00088041,-0.0010784,-0.0031861,0.00098781,-0.0052452,1.9937e-05,-0.0025217,0.0067079,0.082809,0.81776,0.7385,0.072516,0.78979,-0.21018,-1.4156,-0.91189,-0.30499,-0.022343,0.48701,0.16796,0.28706,0.2365,-0.63929,0.031284,0.1941,-0.49768,-0.082008,0.12969,-0.18607,0.17532,0.22516,0.058486,0.13708,-0.26092,-0.3169,0.085452,-0.34933,-0.20151,0.22604,-0.14701,0.096291,0.37071,-0.25972,-0.058908,0.18067,-0.20134,-0.085228,0.038446,-0.11171,0.10066,-0.030612,-0.12667,0.20229,0.065799,-0.10964,0.12842,-0.0066442,-0.074148,0.072954,-0.020578,-0.049657,0.065218,0.0016704,-0.00064762,0.022204,-0.035109,0.0078178,0.023656,-0.059153,-0.012676,0.024002,-0.020523,0.0056871,0.016951,-0.0079264,0.018007,0.02423,-0.011573,-0.0016373,0.0038656,-0.011914,-0.00097733,0.0065976,0.018679,0.032143,0.015759,0.00575,0.018934,0.002931,-0.010216,-0.0039633,-0.016094,-0.011655,0.018041,0.014397,0.010547,0.022765,0.0095246,-0.010514,-0.02255,-0.028525,-0.022466,-0.011966,-0.0095577,0.0066052,0.010641,0.0081565,0.014217,0.014585,0.0043614,0.0034985,0.0019417,0.0005738,0.0081891,0.017361,0.024464,0.021817,0.0152,0.013121,0.0047964,-0.0099233,-0.012423,-0.014599,-0.018008,-0.006453,0.0042833,0.0074319,0.010939,0.013023,0.010048,0.010389,0.0032112,-0.0037024,-0.0076703,-0.010156,-0.0032805,0.0089638,0.01322,0.016105,0.01529,0.0038734,-0.0022757,-0.0036103,-0.0076533,-0.0072181,-0.0039374,-0.00044004,0.0050979,0.0072463,0.0067846,0.007019,0.0026078,-0.00076073,-0.0011461,-0.00090803,-0.00012467,0.0028825,0.0040855,0.004679,0.0048878,0.0039357,0.0024522,0.0017271,0.00089279,0.00013057,-3.0266e-05,-0.00012941,0.00042407,0.0012107,0.0017311,0.0017839,0.0014229,0.00068952,0.00011964,-0.00015614,-0.00034672,-0.00029546,-0.00013326,-4.7119e-05
0,0,0,-4.9763e-09,2.1638e-07,-5.952e-07,1.2346e-06,-2.6166e-06,-8.0361e-05,2.963e-05,-0.00011584,-8.2618e-05,-0.0002656,-0.00039483,-0.00041,-0.0015142,-0.0010925,-5.2925e-05,-0.00071145,-0.0014541,-0.001793,-0.00022036,-0.0043485,0.0016677,-0.0068973,0.0033411,-0.010278,0.018311,0.0011236,0.62966,0.93033,0.11828,0.75581,0.11045,-1.4627,-0.9725,-0.39862,-0.14368,0.50549,0.26751,0.12918,0.3437,-0.53673,-0.163,0.30929,-0.4263,-0.12037,0.18028,-0.28667,0.1559,0.19998,-0.040973,0.1781,-0.17076,-0.30288,0.096716,-0.34571,-0.20283,0.22686,-0.2433,0.22001,0.32565,-0.35921,0.032242,0.16114,-0.2241,-0.0094755,0.0033052,-0.10511,0.13287,-0.10302,-0.12392,0.24823,-0.028628,-0.06388,0.16644,-0.062145,-0.038979,0.090778,-0.049741,-0.020545,0.060517,-0.013219,0.023916,0.011124,-0.059809,0.03929,0.0068304,-0.063248,0.015265,0.010368,-0.02074,0.021462,0.008685,-0.0098358,0.024128,0.016634,-0.0066599,0.002272,-0.0061369,-0.0046706,0.00053239,-0.00434,0.020737,0.034353,0.016335,0.0044842,0.017033,0.0076767,-0.0077162,-0.0020219,-0.0087013,-0.010562,0.0065806,0.011815,0.010962,0.018926,0.009648,-0.0047187,-0.015327,-0.026795,-0.024205,-0.011522,-0.0077696,0.0021569,0.0086236,0.011448,0.01635,0.011337,0.0057336,0.0041394,0.0015104,0.00059942,0.0089875,0.01476,0.021332,0.020687,0.016074,0.019006,0.01195,0.001441,0.00096858,-0.0081326,-0.021468,-0.018615,-0.010195,-0.0042904,0.0044934,0.0099659,0.0079932,0.0069342,0.0011128,-0.0013488,-0.0011411,-0.0014943,-0.00046221,0.0078393,0.012238,0.013858,0.017435,0.010459,0.0032641,0.00086421,-0.0045874,-0.0063814,-0.0024123,0.00094025,0.006173,0.0079365,0.0061495,0.0056061,0.0024027,-0.0011213,-0.00090912,-0.00065943,0.00028134,0.002445,0.0027881,0.0038583,0.0045657,0.0034685,0.002768,0.0021466,0.0010783,0.00048223,0.00011874,-0.00020981,0.00026305,0.00098676,0.0016388,0.0018624,0.0014631,0.00082406,0.00029453,-3.3277e-05,-0.00024248,-0.00021982,-0.00010863,-6.0068e-05,1.2659e-05
0,5.9149e-11,1.938e-08,1.213e-07,-8.4901e-07,5.4686e-06,-3.8266e-05,5.1092e-05,-0.00027896,-0.00021568,0.00034718,-0.001083,0.00019026,0.00058245,-0.0018681,-0.0019292,8.1878e-05,-0.00058864,-0.0026026,0.0010881,-0.0032779,0.00062285,-0.0033111,-0.0014847,-0.0053466,0.015718,-0.032069,0.36907,1.1061,0.13181,0.58567,0.34992,-1.6808,-0.71204,-0.34474,0.17823,0.32676,0.17919,-0.0060512,0.14157,-0.25665,-0.054589,0.15084,-0.4005,-0.011908,0.049071,-0.059194,0.044815,0.16834,-0.0037513,-0.031728,-0.32098,-0.047259,-0.018623,-0.11085,-0.096525,0.037068,-0.12828,0.24336,-0.00091767,-0.171,0.01921,0.00063921,-0.06531,-0.0048233,-0.051385,0.062197,0.06821,-0.084837,-0.042427,0.070745,-0.037994,0.0092412,-0.01369,-0.014995,0.02708,0.038134,-0.024187,0.013763,-0.00025949,0.021636,-0.010924,-0.023629,-0.018022,0.044015,-0.0028268,-0.0014245,0.0022786,0.016768,0.011906,-0.010196,-0.017762,0.0042904,0.0069135,0.0012001,-0.0054435,0.0072007,0.018448,0.019699,0.0055643,0.0010725,0.0037409,0.010539,0.002621,-0.0041589,0.0028079,0.016003,0.0040544,0.0049218,-0.0071305,0.00096894,-0.001501,-0.0067729,-0.0066049,0.0035077,0.0087987,0.0051222,0.011795,0.0071542,0.0053426,0.0055178,0.0078797,0.0048222,5.9965e-06,-0.0050101,-0.0061638,-0.01368,-0.0076291,-0.00086935,0.0040276,0.0048157,0.0036896,0.005221,0.0045829,0.0037448,-0.0010411,0.0068851,0.0054819,0.0085998,0.010247,0.0043844,0.0040212,0.0056182,0.000249,0.0027974,0.010782,0.0095447,0.010309,0.0057177,0.0042185,0.0044276,0.0025791,-1.8459e-05,0.0010555,-0.00041094,0.0039483,0.0039433,0.0030453,0.0025547,0.0026323,0.0016538,0.00027429,0.00059832,0.0023212,0.0030796,0.0024545,0.0036229,0.0048742,0.0030549,0.0032394,0.0034557,0.0017917,0.001,0.0027656,0.0018549,0.0022393,0.0026117,0.0028572,0.0023957,0.0025205,0.0017612,0.0018776,0.00082566,0.00018882,0.00056373,0.00064748,0.0011406,0.0016752,0.0017428,0.0010859,0.0008075,0.00030346,7.8746e-05,-4.4919e-05,-7.7462e-05,-1.6035e-05,1.7284e-05,2.1777e-05,1.6508e-05,-5.1981e-06
2.5582e-09,8.5013e-08,-4.3807e-07,2.1489e-06,-1.2322e-05,-2.316e-06,1.5555e-06,-0.00038755,0.00042422,-0.00063889,-0.00052424,0.00080685,-0.0023434,-0.0010183,-0.00066071,-0.00041109,-0.0022956,0.0011115,-0.0030044,-0.0013411,2.7672e-05,-0.0051441,-0.00024277,-0.0046225,0.015002,0.026274,0.99621,0.63182,0.22154,0.64404,-1.4165,-0.92634,-0.18746,-0.12859,0.56097,0.14199,-0.055162,-0.027395,-0.026394,-0.22979,0.11307,-0.2765,-0.093374,0.12281,0.031181,-0.016048,0.14753,0.017944,-0.12638,-0.24191,-0.15314,-0.11585,0.040223,-0.055285,-0.11471,0.18405,0.051147,-0.069405,-0.015981,-0.060758,-0.060367,-0.0064885,-0.030872,-0.016322,0.075026,-0.0095531,0.00046028,0.0066567,-0.055163,0.020113,0.024987,-0.054993,-0.022007,0.019321,0.02228,0.001308,0.0066913,-0.0014153,0.032152,0.0055333,-0.030252,0.0024671,0.0040493,0.017017,0.0032418,-0.0013173,-0.0065317,0.016878,0.0015485,-0.012783,0.005579,0.0075381,0.009672,0.0098939,-0.0034523,0.017896,0.018091,0.0055047,0.0004424,0.0042844,0.0073859,0.015118,0.016768,-0.0029259,0.0038592,0.0031225,-0.0040578,-0.01015,-0.012647,0.00086323,-0.0055097,-0.0029679,0.0030576,0.015144,0.0071793,0.0030408,0.0021749,-0.0010967,0.0027185,0.0034319,0.0052868,0.0052611,-0.0031785,0.0027083,0.0015984,-0.0013674,0.0030354,0.0026342,0.0032965,0.0014131,0.0040372,0.0040858,0.007155,0.0063791,0.0057626,0.0095228,0.0073716,0.0078033,0.0040604,0.0023272,0.0015276,0.001941,0.0026785,0.0057499,0.0072942,0.0083996,0.0076041,0.0069907,0.004757,0.0036277,0.0024391,0.002683,0.0010988,0.0038398,0.0050403,0.002955,0.0037739,0.00086388,0.0012018,0.0014844,0.0014658,0.0031295,0.0041453,0.0045464,0.0048044,0.0053581,0.0041371,0.0030197,0.0028447,0.0022613,0.0016817,0.0020031,0.0017182,0.0022425,0.0023796,0.0022537,0.0018734,0.0017298,0.0020297,0.0021251,0.0015196,0.00051424,0.0006126,0.00035049,0.00099039,0.0018177,0.0018132,0.0012882,0.00098346,0.00048662,0.00015303,7.2196e-05,-7.4489e-05,1.5324e-05,5.6629e-05,2.6113e-05,3.4311e-05,1.409e-05,-2.1101e-05,-2.0419e-05
1.752e-08,9.442e-07,-1.0497e-05,2.6026e-05,-0.00021235,0.0001912,-0.00018286,-3.1689e-05,0.0001425,-0.0021082,-0.00058874,-0.0010419,-0.00036888,-0.0012543,4.3003e-06,-0.0022885,-0.0029062,0.0029128,-0.0084177,0.0063881,-0.020037,0.042906,-0.068071,0.87382,1.0446,0.24347,0.030453,-1.4337,-0.47407,-0.1525,-0.20908,0.89964,0.19606,-0.3859,-0.14083,0.045278,-0.26686,-0.045122,-0.15079,0.1016,0.021946,-0.12965,0.050612,0.30189,-0.19923,-0.17114,-0.057444,-0.1639,-0.10553,0.055918,-0.1281,-0.02579,0.14185,-0.10707,0.030563,-0.00076162,-0.10648,0.012985,-0.020341,-0.061833,0.044066,0.038386,-0.038752,0.024353,-0.012579,-0.024955,0.04532,-0.014746,-0.043368,0.022095,-0.01768,-0.020376,0.0013084,0.013438,0.017237,0.030944,-0.0059344,-0.0088807,0.018787,-0.0065382,-0.0076841,-0.011505,0.0011408,-0.0031062,0.0017526,-0.011521,0.0041408,0.017522,-0.00091918,0.00011828,0.012314,0.0093279,0.022693,0.0089984,0.0014537,0.0090415,0.0058606,0.0014966,0.0057304,0.0056094,-0.00014657,0.011576,-0.0016577,-0.0023945,0.0070742,-0.00035302,-0.0018278,-0.0034371,0.0059376,0.0061098,0.009229,0.0044884,0.0098277,0.0063366,-0.0024467,-0.0018133,0.0024394,-0.0013738,0.00079889,-0.00043326,-0.0016442,-0.0017861,0.0015336,0.0031288,0.001552,0.0027498,0.00058677,0.0034172,0.0016509,0.0064108,0.0081621,0.008489,0.0073594,0.006871,0.0057985,0.0045391,0.0042033,-0.00026231,0.0017277,0.0045056,0.0075407,0.0072394,0.0068104,0.0058052,0.0073601,0.0058695,0.0046294,0.0041185,0.0042406,0.0018651,0.0039313,0.003244,0.0021566,0.0036503,-0.00012573,0.00036558,0.0012672,0.000863,0.0032396,0.0034624,0.0020937,0.0038361,0.004673,0.002544,0.0036748,0.0034329,0.0022712,0.0025183,0.00242,0.0021029,0.0029579,0.0020183,0.0023617,0.0021177,0.0020452,0.0015606,0.0014793,0.0016855,0.00091962,0.00059703,0.00056821,0.001606,0.0017667,0.0016664,0.0012803,0.0010087,0.00050896,0.00019996,0.00023721,0.00017674,0.00015264,0.00013436,8.0853e-05,5.5853e-05,5.9445e-06,-4.2951e-05,-3.2604e-05,-2.8584e-05,-1.3361e-05,-8.2516e-06
